Trade_ID,Date,Time,Instrument,Setup_Type,Session,Risk_Reward_Ratio,Risk_Amount,Win_Loss,PnL,Balance,Peak_Balance,Drawdown_Pct,Cumulative_PnL,Trade_Number,Win_Binary,Day_of_Week,Month,Year,Quarter,Hour
1,2023-01-02,20:06,EUR/USD,Breakout,New York,2.0,89.8,Win,179.59,10179.59,10179.59,0.0,179.59,1,1,Monday,January,2023,1,20
2,2023-01-03,21:05,NAS100,Scalping,New York,1.0,103.62,Win,103.62,10283.21,10283.21,0.0,283.21000000000004,2,1,Tuesday,January,2023,1,21
3,2023-01-05,06:41,NAS100,Reversal,Tokyo,3.0,81.06,Win,243.18,10526.4,10526.4,0.0,526.3900000000001,3,1,Thursday,January,2023,1,6
4,2023-01-09,22:55,EUR/GBP,News Trading,Sydney,1.5,97.97,Win,146.95,10673.35,10673.35,0.0,673.3400000000001,4,1,Monday,January,2023,1,22
5,2023-01-09,00:48,USD/JPY,Swing,Sydney,2.5,93.61,Win,234.03,10907.37,10907.37,0.0,907.3700000000001,5,1,Monday,January,2023,1,0
6,2023-01-11,10:38,GBP/USD,Breakout,Overlap-Asia-EU,2.5,83.87,Loss,-83.87,10823.5,10907.37,0.77,823.5000000000001,6,0,Wednesday,January,2023,1,10
7,2023-01-16,08:24,EUR/USD,Swing,Tokyo,2.5,101.45,Loss,-101.45,10722.06,10907.37,1.7,722.0500000000001,7,0,Monday,January,2023,1,8
8,2023-01-16,02:12,NZD/USD,News Trading,Sydney,3.0,115.42,Win,346.25,11068.31,11068.31,0.0,1068.3000000000002,8,1,Monday,January,2023,1,2
9,2023-01-18,22:54,EUR/USD,Breakout,Sydney,1.5,110.92,Loss,-110.92,10957.39,11068.31,1.0,957.3800000000002,9,0,Wednesday,January,2023,1,22
10,2023-01-20,07:23,GBP/USD,Swing,Tokyo,2.5,91.12,Loss,-91.12,10866.27,11068.31,1.83,866.2600000000002,10,0,Friday,January,2023,1,7
11,2023-01-23,05:43,USD/CAD,Trend Following,Sydney,1.5,106.81,Loss,-106.81,10759.46,11068.31,2.79,759.4500000000003,11,0,Monday,January,2023,1,5
12,2023-01-25,20:29,SPX500,Breakout,New York,1.5,101.37,Win,152.05,10911.51,11068.31,1.42,911.5000000000002,12,1,Wednesday,January,2023,1,20
13,2023-01-27,12:49,NAS100,Trend Following,Overlap-Asia-EU,1.5,107.38,Loss,-107.38,10804.12,11068.31,2.39,804.1200000000002,13,0,Friday,January,2023,1,12
14,2023-01-30,01:58,EUR/USD,Reversal,Sydney,2.0,96.05,Win,192.09,10996.22,11068.31,0.65,996.2100000000003,14,1,Monday,January,2023,1,1
15,2023-01-31,18:58,USD/CAD,Scalping,New York,1.5,106.22,Win,159.33,11155.54,11155.54,0.0,1155.5400000000002,15,1,Tuesday,January,2023,1,18
16,2023-02-02,20:34,USD/JPY,Range Trading,New York,2.0,85.59,Loss,-85.59,11069.96,11155.54,0.77,1069.9500000000003,16,0,Thursday,February,2023,1,20
17,2023-02-06,08:14,SPX500,Scalping,Tokyo,2.5,115.91,Win,289.78,11359.74,11359.74,0.0,1359.7300000000002,17,1,Monday,February,2023,1,8
18,2023-02-07,04:09,XAU/USD,News Trading,Sydney,1.0,110.23,Loss,-110.23,11249.51,11359.74,0.97,1249.5000000000002,18,0,Tuesday,February,2023,1,4
19,2023-02-09,20:29,EUR/GBP,Reversal,New York,3.0,82.54,Win,247.62,11497.13,11497.13,0.0,1497.1200000000003,19,1,Thursday,February,2023,1,20
20,2023-02-13,16:56,NAS100,Trend Following,Overlap-EU-US,1.0,107.21,Win,107.21,11604.34,11604.34,0.0,1604.3300000000004,20,1,Monday,February,2023,1,16
21,2023-02-13,17:29,NZD/USD,Swing,Overlap-EU-US,2.0,84.46,Win,168.92,11773.27,11773.27,0.0,1773.2500000000005,21,1,Monday,February,2023,1,17
22,2023-02-15,00:06,NZD/USD,Scalping,Sydney,3.0,110.48,Loss,-110.48,11662.79,11773.27,0.94,1662.7700000000004,22,0,Wednesday,February,2023,1,0
23,2023-02-20,20:10,NAS100,Trend Following,New York,3.0,87.96,Win,263.87,11926.66,11926.66,0.0,1926.6400000000003,23,1,Monday,February,2023,1,20
24,2023-02-20,17:07,NAS100,Swing,Overlap-EU-US,1.0,103.96,Win,103.96,12030.62,12030.62,0.0,2030.6000000000004,24,1,Monday,February,2023,1,17
25,2023-02-22,11:05,NZD/USD,Swing,Overlap-Asia-EU,1.5,82.32,Loss,-82.32,11948.3,12030.62,0.68,1948.2800000000004,25,0,Wednesday,February,2023,1,11
26,2023-02-24,02:08,XAU/USD,Scalping,Sydney,1.0,119.12,Loss,-119.12,11829.18,12030.62,1.67,1829.1600000000003,26,0,Friday,February,2023,1,2
27,2023-02-27,04:38,XAU/USD,Scalping,Sydney,3.0,86.61,Loss,-86.61,11742.58,12030.62,2.39,1742.5500000000004,27,0,Monday,February,2023,1,4
28,2023-03-01,13:42,NAS100,Reversal,London,1.5,108.52,Win,162.78,11905.35,12030.62,1.04,1905.3300000000004,28,1,Wednesday,March,2023,1,13
29,2023-03-03,20:04,XAU/USD,Trend Following,New York,3.0,98.06,Win,294.18,12199.53,12199.53,0.0,2199.51,29,1,Friday,March,2023,1,20
30,2023-03-06,10:04,SPX500,Breakout,Overlap-Asia-EU,3.0,89.2,Win,267.61,12467.14,12467.14,0.0,2467.1200000000003,30,1,Monday,March,2023,1,10
31,2023-03-07,22:21,EUR/USD,Scalping,Sydney,1.5,82.7,Win,124.04,12591.19,12591.19,0.0,2591.1600000000003,31,1,Tuesday,March,2023,1,22
32,2023-03-09,02:08,AUD/USD,News Trading,Sydney,2.0,106.76,Win,213.52,12804.71,12804.71,0.0,2804.6800000000003,32,1,Thursday,March,2023,1,2
33,2023-03-13,23:26,SPX500,News Trading,Sydney,2.5,89.72,Loss,-89.72,12714.99,12804.71,0.7,2714.9600000000005,33,0,Monday,March,2023,1,23
34,2023-03-14,06:55,GBP/USD,Breakout,Tokyo,2.5,94.17,Win,235.43,12950.42,12950.42,0.0,2950.3900000000003,34,1,Tuesday,March,2023,1,6
35,2023-03-16,23:55,GBP/USD,Breakout,Sydney,1.0,96.1,Win,96.1,13046.52,13046.52,0.0,3046.4900000000002,35,1,Thursday,March,2023,1,23
36,2023-03-20,03:11,AUD/USD,Reversal,Sydney,1.5,101.45,Win,152.18,13198.7,13198.7,0.0,3198.67,36,1,Monday,March,2023,1,3
37,2023-03-20,08:35,AUD/USD,Range Trading,Tokyo,1.0,97.73,Loss,-97.73,13100.97,13198.7,0.74,3100.94,37,0,Monday,March,2023,1,8
38,2023-03-23,03:54,NAS100,Breakout,Sydney,1.0,118.76,Loss,-118.76,12982.21,13198.7,1.64,2982.18,38,0,Thursday,March,2023,1,3
39,2023-03-27,07:57,EUR/GBP,Reversal,Tokyo,2.5,99.25,Loss,-99.25,12882.96,13198.7,2.39,2882.93,39,0,Monday,March,2023,1,7
40,2023-03-27,01:50,EUR/GBP,Reversal,Sydney,1.0,119.41,Win,119.41,13002.37,13198.7,1.49,3002.3399999999997,40,1,Monday,March,2023,1,1
41,2023-03-29,14:12,EUR/GBP,Trend Following,London,3.0,106.47,Win,319.42,13321.8,13321.8,0.0,3321.7599999999998,41,1,Wednesday,March,2023,1,14
42,2023-03-31,09:20,EUR/USD,Reversal,Overlap-Asia-EU,3.0,109.43,Win,328.29,13650.08,13650.08,0.0,3650.0499999999997,42,1,Friday,March,2023,1,9
43,2023-04-03,01:10,SPX500,Breakout,Sydney,2.5,100.11,Loss,-100.11,13549.97,13650.08,0.73,3549.9399999999996,43,0,Monday,April,2023,2,1
44,2023-04-05,01:55,GBP/USD,News Trading,Sydney,1.5,82.74,Win,124.11,13674.08,13674.08,0.0,3674.0499999999997,44,1,Wednesday,April,2023,2,1
45,2023-04-07,07:39,GBP/USD,Range Trading,Tokyo,3.0,89.85,Loss,-89.85,13584.23,13674.08,0.66,3584.2,45,0,Friday,April,2023,2,7
46,2023-04-10,02:13,SPX500,Range Trading,Sydney,3.0,100.91,Loss,-100.91,13483.32,13674.08,1.4,3483.29,46,0,Monday,April,2023,2,2
47,2023-04-11,21:41,USD/CAD,Scalping,New York,1.5,90.62,Win,135.94,13619.26,13674.08,0.4,3619.23,47,1,Tuesday,April,2023,2,21
48,2023-04-13,09:36,USD/CAD,Range Trading,Overlap-Asia-EU,1.0,80.37,Loss,-80.37,13538.89,13674.08,0.99,3538.86,48,0,Thursday,April,2023,2,9
49,2023-04-17,03:22,NAS100,Breakout,Sydney,1.5,100.24,Win,150.35,13689.24,13689.24,0.0,3689.21,49,1,Monday,April,2023,2,3
50,2023-04-18,02:45,USD/CAD,Reversal,Sydney,2.0,86.31,Loss,-86.31,13602.93,13689.24,0.63,3602.9,50,0,Tuesday,April,2023,2,2
51,2023-04-20,09:59,NAS100,News Trading,Overlap-Asia-EU,1.0,106.71,Loss,-106.71,13496.22,13689.24,1.41,3496.19,51,0,Thursday,April,2023,2,9
52,2023-04-24,21:35,USD/JPY,Breakout,New York,2.0,84.62,Win,169.23,13665.45,13689.24,0.17,3665.42,52,1,Monday,April,2023,2,21
53,2023-04-24,04:43,NZD/USD,Trend Following,Sydney,3.0,88.43,Win,265.28,13930.73,13930.73,0.0,3930.7,53,1,Monday,April,2023,2,4
54,2023-04-27,20:54,NZD/USD,Swing,New York,3.0,99.54,Loss,-99.54,13831.18,13930.73,0.71,3831.16,54,0,Thursday,April,2023,2,20
55,2023-05-01,01:08,EUR/GBP,Breakout,Sydney,2.0,81.76,Win,163.53,13994.71,13994.71,0.0,3994.69,55,1,Monday,May,2023,2,1
56,2023-05-01,20:00,USD/JPY,Trend Following,New York,2.5,102.07,Win,255.17,14249.88,14249.88,0.0,4249.86,56,1,Monday,May,2023,2,20
57,2023-05-03,03:35,USD/JPY,Breakout,Sydney,3.0,81.44,Win,244.32,14494.2,14494.2,0.0,4494.179999999999,57,1,Wednesday,May,2023,2,3
58,2023-05-05,04:50,USD/JPY,Range Trading,Sydney,1.0,92.33,Loss,-92.33,14401.87,14494.2,0.64,4401.849999999999,58,0,Friday,May,2023,2,4
59,2023-05-08,01:35,AUD/USD,Trend Following,Sydney,1.5,106.68,Win,160.02,14561.89,14561.89,0.0,4561.87,59,1,Monday,May,2023,2,1
60,2023-05-10,13:51,USD/JPY,News Trading,London,1.5,114.58,Loss,-114.58,14447.3,14561.89,0.79,4447.29,60,0,Wednesday,May,2023,2,13
61,2023-05-12,05:59,EUR/USD,Range Trading,Sydney,1.5,109.46,Win,164.19,14611.5,14611.5,0.0,4611.48,61,1,Friday,May,2023,2,5
62,2023-05-15,13:24,AUD/USD,Swing,London,2.0,86.37,Loss,-86.37,14525.13,14611.5,0.59,4525.11,62,0,Monday,May,2023,2,13
63,2023-05-16,01:22,XAU/USD,Swing,Sydney,1.5,87.98,Loss,-87.98,14437.15,14611.5,1.19,4437.13,63,0,Tuesday,May,2023,2,1
64,2023-05-18,09:21,AUD/USD,Swing,Overlap-Asia-EU,1.5,80.95,Win,121.42,14558.57,14611.5,0.36,4558.55,64,1,Thursday,May,2023,2,9
65,2023-05-22,08:43,GBP/USD,Swing,Tokyo,2.0,94.05,Loss,-94.05,14464.52,14611.5,1.01,4464.5,65,0,Monday,May,2023,2,8
66,2023-05-23,17:37,EUR/USD,Trend Following,Overlap-EU-US,1.0,115.08,Win,115.08,14579.6,14611.5,0.22,4579.58,66,1,Tuesday,May,2023,2,17
67,2023-05-25,08:20,GBP/USD,Breakout,Tokyo,3.0,97.38,Loss,-97.38,14482.22,14611.5,0.88,4482.2,67,0,Thursday,May,2023,2,8
68,2023-05-29,13:16,NAS100,News Trading,London,1.0,95.41,Loss,-95.41,14386.81,14611.5,1.54,4386.79,68,0,Monday,May,2023,2,13
69,2023-05-29,01:43,EUR/GBP,Scalping,Sydney,1.0,100.8,Loss,-100.8,14286.01,14611.5,2.23,4285.99,69,0,Monday,May,2023,2,1
70,2023-06-01,23:58,AUD/USD,Scalping,Sydney,2.0,97.25,Loss,-97.25,14188.76,14611.5,2.89,4188.74,70,0,Thursday,June,2023,2,23
71,2023-06-05,10:19,USD/CAD,News Trading,Overlap-Asia-EU,1.0,108.79,Win,108.79,14297.55,14611.5,2.15,4297.53,71,1,Monday,June,2023,2,10
72,2023-06-05,21:12,USD/CAD,Range Trading,New York,2.5,107.89,Loss,-107.89,14189.66,14611.5,2.89,4189.639999999999,72,0,Monday,June,2023,2,21
73,2023-06-07,13:35,EUR/GBP,Scalping,London,1.5,104.62,Win,156.93,14346.6,14611.5,1.81,4346.57,73,1,Wednesday,June,2023,2,13
74,2023-06-09,00:41,NZD/USD,Trend Following,Sydney,1.5,97.2,Loss,-97.2,14249.4,14611.5,2.48,4249.37,74,0,Friday,June,2023,2,0
75,2023-06-12,10:50,XAU/USD,Range Trading,Overlap-Asia-EU,2.5,107.03,Win,267.56,14516.96,14611.5,0.65,4516.93,75,1,Monday,June,2023,2,10
76,2023-06-14,23:21,GBP/USD,Reversal,Sydney,2.0,100.62,Loss,-100.62,14416.34,14611.5,1.34,4416.31,76,0,Wednesday,June,2023,2,23
77,2023-06-16,02:01,AUD/USD,Swing,Sydney,2.0,88.99,Win,177.97,14594.32,14611.5,0.12,4594.280000000001,77,1,Friday,June,2023,2,2
78,2023-06-19,01:26,XAU/USD,Reversal,Sydney,3.0,113.99,Win,341.97,14936.28,14936.28,0.0,4936.250000000001,78,1,Monday,June,2023,2,1
79,2023-06-20,20:41,AUD/USD,News Trading,New York,2.5,99.78,Win,249.44,15185.72,15185.72,0.0,5185.6900000000005,79,1,Tuesday,June,2023,2,20
80,2023-06-23,22:44,GBP/USD,Breakout,Sydney,2.5,88.75,Loss,-88.75,15096.97,15185.72,0.58,5096.9400000000005,80,0,Friday,June,2023,2,22
81,2023-06-26,16:29,EUR/USD,Range Trading,Overlap-EU-US,3.0,89.97,Loss,-89.97,15007.0,15185.72,1.18,5006.97,81,0,Monday,June,2023,2,16
82,2023-06-27,04:48,XAU/USD,Swing,Sydney,3.0,119.52,Loss,-119.52,14887.49,15185.72,1.96,4887.45,82,0,Tuesday,June,2023,2,4
83,2023-06-29,14:57,NAS100,News Trading,London,2.5,113.22,Loss,-113.22,14774.26,15185.72,2.71,4774.23,83,0,Thursday,June,2023,2,14
84,2023-07-03,05:40,XAU/USD,Scalping,Sydney,2.5,90.37,Win,225.92,15000.18,15185.72,1.22,5000.15,84,1,Monday,July,2023,3,5
85,2023-07-03,08:04,NAS100,Swing,Tokyo,2.5,105.07,Win,262.67,15262.86,15262.86,0.0,5262.82,85,1,Monday,July,2023,3,8
86,2023-07-06,22:05,AUD/USD,Trend Following,Sydney,2.0,93.43,Loss,-93.43,15169.42,15262.86,0.61,5169.389999999999,86,0,Thursday,July,2023,3,22
87,2023-07-10,04:04,AUD/USD,Reversal,Sydney,2.5,107.76,Loss,-107.76,15061.66,15262.86,1.32,5061.629999999999,87,0,Monday,July,2023,3,4
88,2023-07-10,13:53,USD/CAD,Range Trading,London,3.0,98.64,Win,295.91,15357.58,15357.58,0.0,5357.539999999999,88,1,Monday,July,2023,3,13
89,2023-07-12,13:24,SPX500,Range Trading,London,1.0,114.27,Loss,-114.27,15243.31,15357.58,0.74,5243.269999999999,89,0,Wednesday,July,2023,3,13
90,2023-07-14,15:53,USD/CAD,Breakout,London,2.0,110.14,Loss,-110.14,15133.17,15357.58,1.46,5133.129999999998,90,0,Friday,July,2023,3,15
91,2023-07-17,13:17,NAS100,News Trading,London,3.0,115.91,Loss,-115.91,15017.25,15357.58,2.22,5017.219999999998,91,0,Monday,July,2023,3,13
92,2023-07-19,13:25,EUR/USD,Range Trading,London,2.5,93.45,Loss,-93.45,14923.81,15357.58,2.82,4923.769999999999,92,0,Wednesday,July,2023,3,13
93,2023-07-21,23:58,XAU/USD,Reversal,Sydney,1.5,119.23,Loss,-119.23,14804.58,15357.58,3.6,4804.539999999999,93,0,Friday,July,2023,3,23
94,2023-07-24,12:55,SPX500,News Trading,Overlap-Asia-EU,1.0,83.36,Loss,-83.36,14721.22,15357.58,4.14,4721.179999999999,94,0,Monday,July,2023,3,12
95,2023-07-25,14:20,EUR/USD,Reversal,London,2.0,95.16,Win,190.33,14911.55,15357.58,2.9,4911.509999999999,95,1,Tuesday,July,2023,3,14
96,2023-07-28,10:16,EUR/GBP,Swing,Overlap-Asia-EU,2.0,110.08,Loss,-110.08,14801.47,15357.58,3.62,4801.429999999999,96,0,Friday,July,2023,3,10
97,2023-07-31,02:14,EUR/USD,Range Trading,Sydney,3.0,82.08,Loss,-82.08,14719.39,15357.58,4.16,4719.349999999999,97,0,Monday,July,2023,3,2
98,2023-08-01,20:01,EUR/USD,Breakout,New York,1.0,117.98,Win,117.98,14837.37,15357.58,3.39,4837.329999999999,98,1,Tuesday,August,2023,3,20
99,2023-08-03,19:13,AUD/USD,Reversal,New York,1.5,98.94,Win,148.41,14985.79,15357.58,2.42,4985.739999999999,99,1,Thursday,August,2023,3,19
100,2023-08-07,14:47,NZD/USD,Scalping,London,2.0,86.71,Loss,-86.71,14899.07,15357.58,2.99,4899.029999999999,100,0,Monday,August,2023,3,14
101,2023-08-08,22:19,USD/JPY,Breakout,Sydney,2.0,84.32,Win,168.65,15067.72,15357.58,1.89,5067.6799999999985,101,1,Tuesday,August,2023,3,22
102,2023-08-10,18:37,EUR/GBP,Scalping,New York,2.5,117.66,Win,294.15,15361.87,15361.87,0.0,5361.829999999998,102,1,Thursday,August,2023,3,18
103,2023-08-14,22:43,AUD/USD,Swing,Sydney,1.0,107.89,Win,107.89,15469.76,15469.76,0.0,5469.719999999998,103,1,Monday,August,2023,3,22
104,2023-08-14,19:27,GBP/USD,Swing,New York,3.0,111.31,Win,333.92,15803.67,15803.67,0.0,5803.6399999999985,104,1,Monday,August,2023,3,19
105,2023-08-16,21:26,GBP/USD,Trend Following,New York,3.0,105.9,Win,317.71,16121.38,16121.38,0.0,6121.3499999999985,105,1,Wednesday,August,2023,3,21
106,2023-08-18,15:45,EUR/GBP,Breakout,London,2.0,105.42,Loss,-105.42,16015.95,16121.38,0.65,6015.9299999999985,106,0,Friday,August,2023,3,15
107,2023-08-21,04:51,USD/JPY,Range Trading,Sydney,3.0,118.62,Win,355.86,16371.81,16371.81,0.0,6371.789999999998,107,1,Monday,August,2023,3,4
108,2023-08-23,17:17,XAU/USD,Swing,Overlap-EU-US,2.5,97.42,Loss,-97.42,16274.39,16371.81,0.6,6274.369999999998,108,0,Wednesday,August,2023,3,17
109,2023-08-25,10:48,AUD/USD,Swing,Overlap-Asia-EU,1.0,91.16,Win,91.16,16365.55,16371.81,0.04,6365.529999999998,109,1,Friday,August,2023,3,10
110,2023-08-28,14:20,SPX500,News Trading,London,2.5,93.46,Loss,-93.46,16272.09,16371.81,0.61,6272.069999999998,110,0,Monday,August,2023,3,14
111,2023-08-29,05:56,AUD/USD,Range Trading,Sydney,2.0,111.91,Win,223.83,16495.92,16495.92,0.0,6495.899999999998,111,1,Tuesday,August,2023,3,5
112,2023-09-01,19:05,NZD/USD,Scalping,New York,3.0,80.41,Loss,-80.41,16415.51,16495.92,0.49,6415.489999999998,112,0,Friday,September,2023,3,19
113,2023-09-04,07:30,EUR/GBP,Scalping,Tokyo,2.5,102.21,Win,255.52,16671.03,16671.03,0.0,6671.009999999998,113,1,Monday,September,2023,3,7
114,2023-09-05,20:14,XAU/USD,Scalping,New York,2.5,111.72,Win,279.29,16950.32,16950.32,0.0,6950.299999999998,114,1,Tuesday,September,2023,3,20
115,2023-09-07,12:35,AUD/USD,Scalping,Overlap-Asia-EU,2.0,106.56,Win,213.12,17163.44,17163.44,0.0,7163.419999999998,115,1,Thursday,September,2023,3,12
116,2023-09-11,16:17,EUR/GBP,Trend Following,Overlap-EU-US,3.0,93.23,Loss,-93.23,17070.21,17163.44,0.54,7070.189999999999,116,0,Monday,September,2023,3,16
117,2023-09-12,09:47,AUD/USD,Trend Following,Overlap-Asia-EU,1.0,108.85,Win,108.85,17179.06,17179.06,0.0,7179.039999999999,117,1,Tuesday,September,2023,3,9
118,2023-09-14,17:46,USD/JPY,Swing,Overlap-EU-US,1.5,88.66,Win,132.98,17312.04,17312.04,0.0,7312.019999999999,118,1,Thursday,September,2023,3,17
119,2023-09-18,18:12,NAS100,Swing,New York,3.0,91.32,Win,273.96,17586.0,17586.0,0.0,7585.979999999999,119,1,Monday,September,2023,3,18
120,2023-09-18,09:08,USD/CAD,Reversal,Overlap-Asia-EU,1.5,92.09,Loss,-92.09,17493.91,17586.0,0.52,7493.8899999999985,120,0,Monday,September,2023,3,9
121,2023-09-20,08:40,EUR/USD,Breakout,Tokyo,3.0,91.69,Loss,-91.69,17402.22,17586.0,1.05,7402.199999999999,121,0,Wednesday,September,2023,3,8
122,2023-09-22,15:21,EUR/USD,Breakout,London,3.0,91.37,Win,274.12,17676.35,17676.35,0.0,7676.319999999999,122,1,Friday,September,2023,3,15
123,2023-09-25,05:31,NZD/USD,Breakout,Sydney,2.5,84.56,Win,211.41,17887.75,17887.75,0.0,7887.729999999999,123,1,Monday,September,2023,3,5
124,2023-09-27,02:19,EUR/USD,News Trading,Sydney,1.5,85.97,Loss,-85.97,17801.79,17887.75,0.48,7801.759999999998,124,0,Wednesday,September,2023,3,2
125,2023-09-29,02:50,GBP/USD,Reversal,Sydney,3.0,110.58,Loss,-110.58,17691.21,17887.75,1.1,7691.1799999999985,125,0,Friday,September,2023,3,2
126,2023-10-02,19:55,NAS100,Reversal,New York,2.5,98.02,Win,245.05,17936.26,17936.26,0.0,7936.229999999999,126,1,Monday,October,2023,4,19
127,2023-10-03,18:47,NZD/USD,Range Trading,New York,3.0,104.84,Loss,-104.84,17831.42,17936.26,0.58,7831.3899999999985,127,0,Tuesday,October,2023,4,18
128,2023-10-06,03:15,AUD/USD,Swing,Sydney,1.5,90.59,Win,135.88,17967.3,17967.3,0.0,7967.269999999999,128,1,Friday,October,2023,4,3
129,2023-10-09,05:38,GBP/USD,News Trading,Sydney,1.5,80.11,Loss,-80.11,17887.19,17967.3,0.45,7887.159999999999,129,0,Monday,October,2023,4,5
130,2023-10-10,15:55,EUR/USD,Trend Following,London,1.5,91.52,Win,137.29,18024.48,18024.48,0.0,8024.449999999999,130,1,Tuesday,October,2023,4,15
131,2023-10-12,14:42,AUD/USD,Breakout,London,2.0,111.51,Loss,-111.51,17912.96,18024.48,0.62,7912.939999999999,131,0,Thursday,October,2023,4,14
132,2023-10-16,06:17,GBP/USD,Range Trading,Tokyo,3.0,88.99,Win,266.98,18179.94,18179.94,0.0,8179.919999999998,132,1,Monday,October,2023,4,6
133,2023-10-17,04:52,EUR/USD,Breakout,Sydney,1.5,111.71,Loss,-111.71,18068.24,18179.94,0.61,8068.209999999998,133,0,Tuesday,October,2023,4,4
134,2023-10-19,18:25,XAU/USD,Trend Following,New York,1.0,98.75,Win,98.75,18166.98,18179.94,0.07,8166.959999999998,134,1,Thursday,October,2023,4,18
135,2023-10-23,08:56,NAS100,News Trading,Tokyo,2.5,97.51,Loss,-97.51,18069.47,18179.94,0.61,8069.449999999998,135,0,Monday,October,2023,4,8
136,2023-10-23,13:43,USD/CAD,Scalping,London,3.0,90.01,Win,270.04,18339.52,18339.52,0.0,8339.489999999998,136,1,Monday,October,2023,4,13
137,2023-10-25,18:11,EUR/USD,News Trading,New York,2.0,103.05,Loss,-103.05,18236.47,18339.52,0.56,8236.439999999999,137,0,Wednesday,October,2023,4,18
138,2023-10-30,15:40,XAU/USD,News Trading,London,2.0,87.26,Loss,-87.26,18149.21,18339.52,1.04,8149.1799999999985,138,0,Monday,October,2023,4,15
139,2023-10-30,15:06,XAU/USD,Breakout,London,2.0,96.33,Win,192.67,18341.88,18341.88,0.0,8341.849999999999,139,1,Monday,October,2023,4,15
140,2023-11-01,05:52,EUR/GBP,Trend Following,Sydney,2.5,91.53,Loss,-91.53,18250.35,18341.88,0.5,8250.319999999998,140,0,Wednesday,November,2023,4,5
141,2023-11-03,17:49,XAU/USD,Breakout,Overlap-EU-US,1.0,92.58,Win,92.58,18342.93,18342.93,0.0,8342.899999999998,141,1,Friday,November,2023,4,17
142,2023-11-06,12:26,NAS100,Swing,Overlap-Asia-EU,1.0,106.31,Loss,-106.31,18236.62,18342.93,0.58,8236.589999999998,142,0,Monday,November,2023,4,12
143,2023-11-07,01:28,NAS100,Reversal,Sydney,2.0,104.91,Loss,-104.91,18131.72,18342.93,1.15,8131.6799999999985,143,0,Tuesday,November,2023,4,1
144,2023-11-10,01:56,NZD/USD,Reversal,Sydney,3.0,85.24,Win,255.72,18387.44,18387.44,0.0,8387.399999999998,144,1,Friday,November,2023,4,1
145,2023-11-13,22:15,GBP/USD,Range Trading,Sydney,1.0,118.93,Loss,-118.93,18268.51,18387.44,0.65,8268.469999999998,145,0,Monday,November,2023,4,22
146,2023-11-14,22:14,NZD/USD,Reversal,Sydney,3.0,80.55,Win,241.64,18510.15,18510.15,0.0,8510.109999999997,146,1,Tuesday,November,2023,4,22
147,2023-11-16,03:32,GBP/USD,Range Trading,Sydney,1.5,99.94,Loss,-99.94,18410.22,18510.15,0.54,8410.169999999996,147,0,Thursday,November,2023,4,3
148,2023-11-20,22:35,EUR/GBP,Trend Following,Sydney,2.5,119.21,Win,298.02,18708.24,18708.24,0.0,8708.189999999997,148,1,Monday,November,2023,4,22
149,2023-11-21,04:55,AUD/USD,Range Trading,Sydney,3.0,100.33,Loss,-100.33,18607.91,18708.24,0.54,8607.859999999997,149,0,Tuesday,November,2023,4,4
150,2023-11-23,02:52,EUR/GBP,Trend Following,Sydney,2.0,117.37,Win,234.74,18842.65,18842.65,0.0,8842.599999999997,150,1,Thursday,November,2023,4,2
151,2023-11-27,00:55,NZD/USD,Trend Following,Sydney,3.0,103.2,Loss,-103.2,18739.46,18842.65,0.55,8739.399999999996,151,0,Monday,November,2023,4,0
152,2023-11-27,04:34,NAS100,Range Trading,Sydney,2.5,93.8,Loss,-93.8,18645.65,18842.65,1.05,8645.599999999997,152,0,Monday,November,2023,4,4
153,2023-11-29,12:24,USD/CAD,Range Trading,Overlap-Asia-EU,1.5,119.23,Win,178.85,18824.5,18842.65,0.1,8824.449999999997,153,1,Wednesday,November,2023,4,12
154,2023-12-04,07:58,EUR/GBP,Swing,Tokyo,1.0,92.73,Win,92.73,18917.22,18917.22,0.0,8917.179999999997,154,1,Monday,December,2023,4,7
155,2023-12-04,12:37,USD/JPY,Range Trading,Overlap-Asia-EU,2.5,118.59,Win,296.48,19213.71,19213.71,0.0,9213.659999999996,155,1,Monday,December,2023,4,12
156,2023-12-06,10:00,GBP/USD,Swing,Overlap-Asia-EU,2.5,83.99,Loss,-83.99,19129.72,19213.71,0.44,9129.669999999996,156,0,Wednesday,December,2023,4,10
157,2023-12-08,23:16,EUR/GBP,Reversal,Sydney,1.5,82.99,Loss,-82.99,19046.72,19213.71,0.87,9046.679999999997,157,0,Friday,December,2023,4,23
158,2023-12-11,10:54,EUR/GBP,News Trading,Overlap-Asia-EU,1.0,114.07,Loss,-114.07,18932.65,19213.71,1.46,8932.609999999997,158,0,Monday,December,2023,4,10
159,2023-12-13,17:04,USD/CAD,Range Trading,Overlap-EU-US,2.5,114.9,Win,287.24,19219.89,19219.89,0.0,9219.849999999997,159,1,Wednesday,December,2023,4,17
160,2023-12-15,07:06,NZD/USD,Scalping,Tokyo,1.5,109.87,Win,164.81,19384.7,19384.7,0.0,9384.659999999996,160,1,Friday,December,2023,4,7
161,2023-12-18,20:01,GBP/USD,Scalping,New York,2.5,86.65,Win,216.64,19601.33,19601.33,0.0,9601.299999999996,161,1,Monday,December,2023,4,20
162,2023-12-19,01:15,EUR/USD,Trend Following,Sydney,2.0,94.34,Win,188.68,19790.01,19790.01,0.0,9789.979999999996,162,1,Tuesday,December,2023,4,1
163,2023-12-21,16:55,SPX500,Range Trading,Overlap-EU-US,1.5,86.8,Win,130.2,19920.21,19920.21,0.0,9920.179999999997,163,1,Thursday,December,2023,4,16
164,2023-12-25,12:29,AUD/USD,News Trading,Overlap-Asia-EU,2.5,116.51,Win,291.28,20211.49,20211.49,0.0,10211.459999999997,164,1,Monday,December,2023,4,12
165,2023-12-26,20:29,XAU/USD,Trend Following,New York,2.0,106.67,Loss,-106.67,20104.82,20211.49,0.53,10104.789999999997,165,0,Tuesday,December,2023,4,20
166,2023-12-28,09:37,NAS100,Scalping,Overlap-Asia-EU,1.5,82.95,Loss,-82.95,20021.87,20211.49,0.94,10021.839999999997,166,0,Thursday,December,2023,4,9
167,2024-01-01,09:24,EUR/GBP,Scalping,Overlap-Asia-EU,2.0,98.27,Win,196.55,20218.41,20218.41,0.0,10218.389999999996,167,1,Monday,January,2024,1,9
168,2024-01-01,15:44,AUD/USD,Breakout,London,2.5,102.88,Loss,-102.88,20115.54,20218.41,0.51,10115.509999999997,168,0,Monday,January,2024,1,15
169,2024-01-03,09:49,EUR/GBP,Breakout,Overlap-Asia-EU,2.0,80.32,Loss,-80.32,20035.21,20218.41,0.91,10035.189999999997,169,0,Wednesday,January,2024,1,9
170,2024-01-08,23:49,SPX500,Breakout,Sydney,2.5,113.31,Loss,-113.31,19921.9,20218.41,1.47,9921.879999999997,170,0,Monday,January,2024,1,23
171,2024-01-08,07:43,USD/CAD,News Trading,Tokyo,1.5,105.46,Loss,-105.46,19816.43,20218.41,1.99,9816.419999999998,171,0,Monday,January,2024,1,7
172,2024-01-10,23:19,USD/JPY,Swing,Sydney,1.0,116.14,Loss,-116.14,19700.3,20218.41,2.56,9700.279999999999,172,0,Wednesday,January,2024,1,23
173,2024-01-12,14:18,SPX500,Breakout,London,2.0,109.29,Win,218.59,19918.89,20218.41,1.48,9918.869999999999,173,1,Friday,January,2024,1,14
174,2024-01-15,10:56,EUR/GBP,Scalping,Overlap-Asia-EU,1.5,88.03,Loss,-88.03,19830.85,20218.41,1.92,9830.839999999998,174,0,Monday,January,2024,1,10
175,2024-01-17,11:52,NAS100,News Trading,Overlap-Asia-EU,2.0,113.22,Win,226.44,20057.29,20218.41,0.8,10057.279999999999,175,1,Wednesday,January,2024,1,11
176,2024-01-19,15:04,NZD/USD,Swing,London,2.0,112.17,Win,224.34,20281.63,20281.63,0.0,10281.619999999999,176,1,Friday,January,2024,1,15
177,2024-01-22,04:23,AUD/USD,Swing,Sydney,2.5,118.69,Loss,-118.69,20162.94,20281.63,0.59,10162.929999999998,177,0,Monday,January,2024,1,4
178,2024-01-23,02:23,EUR/GBP,Swing,Sydney,1.0,90.58,Win,90.58,20253.52,20281.63,0.14,10253.509999999998,178,1,Tuesday,January,2024,1,2
179,2024-01-25,21:23,NZD/USD,Scalping,New York,3.0,95.24,Loss,-95.24,20158.28,20281.63,0.61,10158.269999999999,179,0,Thursday,January,2024,1,21
180,2024-01-29,03:35,AUD/USD,Scalping,Sydney,2.5,81.0,Loss,-81.0,20077.28,20281.63,1.01,10077.269999999999,180,0,Monday,January,2024,1,3
181,2024-01-30,10:44,AUD/USD,News Trading,Overlap-Asia-EU,1.0,105.42,Loss,-105.42,19971.86,20281.63,1.53,9971.849999999999,181,0,Tuesday,January,2024,1,10
182,2024-02-01,09:19,EUR/GBP,Scalping,Overlap-Asia-EU,1.0,85.59,Loss,-85.59,19886.27,20281.63,1.95,9886.259999999998,182,0,Thursday,February,2024,1,9
183,2024-02-05,15:29,GBP/USD,Breakout,London,1.5,115.49,Win,173.24,20059.5,20281.63,1.1,10059.499999999998,183,1,Monday,February,2024,1,15
184,2024-02-05,11:56,NAS100,Scalping,Overlap-Asia-EU,2.5,103.49,Loss,-103.49,19956.01,20281.63,1.61,9956.009999999998,184,0,Monday,February,2024,1,11
185,2024-02-07,13:17,GBP/USD,Scalping,London,2.5,104.63,Loss,-104.63,19851.38,20281.63,2.12,9851.38,185,0,Wednesday,February,2024,1,13
186,2024-02-12,01:54,USD/CAD,Scalping,Sydney,1.5,97.74,Loss,-97.74,19753.65,20281.63,2.6,9753.64,186,0,Monday,February,2024,1,1
187,2024-02-12,11:03,USD/CAD,Breakout,Overlap-Asia-EU,3.0,116.07,Loss,-116.07,19637.58,20281.63,3.18,9637.57,187,0,Monday,February,2024,1,11
188,2024-02-14,12:05,AUD/USD,Trend Following,Overlap-Asia-EU,1.0,117.96,Loss,-117.96,19519.62,20281.63,3.76,9519.61,188,0,Wednesday,February,2024,1,12
189,2024-02-16,21:08,SPX500,Reversal,New York,1.0,82.02,Win,82.02,19601.64,20281.63,3.35,9601.630000000001,189,1,Friday,February,2024,1,21
190,2024-02-19,18:55,GBP/USD,Reversal,New York,3.0,88.29,Win,264.86,19866.5,20281.63,2.05,9866.490000000002,190,1,Monday,February,2024,1,18
191,2024-02-21,07:09,USD/JPY,Trend Following,Tokyo,3.0,80.11,Loss,-80.11,19786.39,20281.63,2.44,9786.380000000001,191,0,Wednesday,February,2024,1,7
192,2024-02-23,04:08,NZD/USD,News Trading,Sydney,1.5,84.4,Loss,-84.4,19701.99,20281.63,2.86,9701.980000000001,192,0,Friday,February,2024,1,4
193,2024-02-26,00:03,AUD/USD,Trend Following,Sydney,3.0,92.95,Win,278.85,19980.85,20281.63,1.48,9980.830000000002,193,1,Monday,February,2024,1,0
194,2024-02-27,04:28,EUR/GBP,Scalping,Sydney,3.0,84.55,Win,253.64,20234.48,20281.63,0.23,10234.470000000001,194,1,Tuesday,February,2024,1,4
195,2024-02-29,11:39,SPX500,News Trading,Overlap-Asia-EU,1.0,98.08,Win,98.08,20332.56,20332.56,0.0,10332.550000000001,195,1,Thursday,February,2024,1,11
196,2024-03-04,01:03,NAS100,Scalping,Sydney,2.0,98.32,Loss,-98.32,20234.24,20332.56,0.48,10234.230000000001,196,0,Monday,March,2024,1,1
197,2024-03-05,15:58,EUR/GBP,Swing,London,2.5,107.44,Win,268.61,20502.85,20502.85,0.0,10502.840000000002,197,1,Tuesday,March,2024,1,15
198,2024-03-07,14:17,GBP/USD,Breakout,London,2.0,104.33,Win,208.66,20711.52,20711.52,0.0,10711.500000000002,198,1,Thursday,March,2024,1,14
199,2024-03-11,19:38,SPX500,Scalping,New York,3.0,108.49,Win,325.46,21036.97,21036.97,0.0,11036.960000000001,199,1,Monday,March,2024,1,19
200,2024-03-11,16:44,XAU/USD,Trend Following,Overlap-EU-US,3.0,104.22,Win,312.65,21349.62,21349.62,0.0,11349.61,200,1,Monday,March,2024,1,16
201,2024-03-14,03:26,NAS100,Swing,Sydney,1.5,97.2,Loss,-97.2,21252.42,21349.62,0.46,11252.41,201,0,Thursday,March,2024,1,3
202,2024-03-18,10:27,XAU/USD,Swing,Overlap-Asia-EU,2.5,96.64,Win,241.6,21494.02,21494.02,0.0,11494.01,202,1,Monday,March,2024,1,10
203,2024-03-18,10:30,NZD/USD,Scalping,Overlap-Asia-EU,2.0,118.14,Loss,-118.14,21375.88,21494.02,0.55,11375.87,203,0,Monday,March,2024,1,10
204,2024-03-20,02:23,GBP/USD,Breakout,Sydney,1.0,97.28,Loss,-97.28,21278.6,21494.02,1.0,11278.59,204,0,Wednesday,March,2024,1,2
205,2024-03-22,04:42,EUR/USD,News Trading,Sydney,3.0,118.26,Loss,-118.26,21160.34,21494.02,1.55,11160.33,205,0,Friday,March,2024,1,4
206,2024-03-25,03:18,USD/CAD,Range Trading,Sydney,2.5,114.72,Loss,-114.72,21045.61,21494.02,2.09,11045.61,206,0,Monday,March,2024,1,3
207,2024-03-27,19:42,USD/CAD,Trend Following,New York,1.0,103.12,Win,103.12,21148.73,21494.02,1.61,11148.730000000001,207,1,Wednesday,March,2024,1,19
208,2024-03-29,15:48,GBP/USD,Reversal,London,2.0,113.81,Win,227.63,21376.36,21494.02,0.55,11376.36,208,1,Friday,March,2024,1,15
209,2024-04-01,08:52,AUD/USD,News Trading,Tokyo,2.5,113.81,Loss,-113.81,21262.55,21494.02,1.08,11262.550000000001,209,0,Monday,April,2024,2,8
210,2024-04-02,19:44,NAS100,News Trading,New York,1.0,104.36,Loss,-104.36,21158.19,21494.02,1.56,11158.19,210,0,Tuesday,April,2024,2,19
211,2024-04-04,08:21,USD/JPY,Breakout,Tokyo,2.0,108.11,Win,216.22,21374.41,21494.02,0.56,11374.41,211,1,Thursday,April,2024,2,8
212,2024-04-08,11:09,USD/JPY,Breakout,Overlap-Asia-EU,1.5,102.65,Win,153.98,21528.39,21528.39,0.0,11528.39,212,1,Monday,April,2024,2,11
213,2024-04-09,23:26,EUR/USD,Scalping,Sydney,1.0,109.84,Win,109.84,21638.23,21638.23,0.0,11638.23,213,1,Tuesday,April,2024,2,23
214,2024-04-11,14:36,USD/JPY,Trend Following,London,2.0,92.47,Win,184.93,21823.16,21823.16,0.0,11823.16,214,1,Thursday,April,2024,2,14
215,2024-04-15,19:43,EUR/USD,Breakout,New York,1.5,86.3,Loss,-86.3,21736.87,21823.16,0.4,11736.86,215,0,Monday,April,2024,2,19
216,2024-04-15,02:17,XAU/USD,Trend Following,Sydney,2.5,99.43,Win,248.57,21985.43,21985.43,0.0,11985.43,216,1,Monday,April,2024,2,2
217,2024-04-18,06:43,NAS100,Swing,Tokyo,1.0,93.81,Win,93.81,22079.24,22079.24,0.0,12079.24,217,1,Thursday,April,2024,2,6
218,2024-04-22,21:25,XAU/USD,News Trading,New York,3.0,106.69,Win,320.06,22399.3,22399.3,0.0,12399.3,218,1,Monday,April,2024,2,21
219,2024-04-22,19:08,EUR/USD,Breakout,New York,1.5,92.06,Win,138.09,22537.38,22537.38,0.0,12537.39,219,1,Monday,April,2024,2,19
220,2024-04-24,08:11,USD/CAD,Trend Following,Tokyo,1.0,80.31,Loss,-80.31,22457.07,22537.38,0.36,12457.08,220,0,Wednesday,April,2024,2,8
221,2024-04-26,04:51,NAS100,Range Trading,Sydney,1.5,100.01,Loss,-100.01,22357.06,22537.38,0.8,12357.07,221,0,Friday,April,2024,2,4
222,2024-04-29,11:04,EUR/GBP,Breakout,Overlap-Asia-EU,1.0,97.45,Win,97.45,22454.51,22537.38,0.37,12454.52,222,1,Monday,April,2024,2,11
223,2024-05-01,10:18,EUR/GBP,News Trading,Overlap-Asia-EU,3.0,96.18,Loss,-96.18,22358.33,22537.38,0.79,12358.34,223,0,Wednesday,May,2024,2,10
224,2024-05-03,03:29,EUR/USD,Range Trading,Sydney,2.0,86.87,Loss,-86.87,22271.46,22537.38,1.18,12271.47,224,0,Friday,May,2024,2,3
225,2024-05-06,22:37,GBP/USD,Trend Following,Sydney,2.5,113.78,Win,284.45,22555.91,22555.91,0.0,12555.92,225,1,Monday,May,2024,2,22
226,2024-05-07,12:14,GBP/USD,News Trading,Overlap-Asia-EU,2.5,114.82,Loss,-114.82,22441.09,22555.91,0.51,12441.1,226,0,Tuesday,May,2024,2,12
227,2024-05-09,10:32,USD/JPY,Swing,Overlap-Asia-EU,1.0,100.42,Win,100.42,22541.51,22555.91,0.06,12541.52,227,1,Thursday,May,2024,2,10
228,2024-05-13,06:52,USD/CAD,Swing,Tokyo,2.0,109.1,Loss,-109.1,22432.41,22555.91,0.55,12432.42,228,0,Monday,May,2024,2,6
229,2024-05-14,04:09,GBP/USD,Reversal,Sydney,1.5,90.24,Win,135.36,22567.77,22567.77,0.0,12567.78,229,1,Tuesday,May,2024,2,4
230,2024-05-16,20:37,USD/JPY,Breakout,New York,2.5,98.56,Loss,-98.56,22469.21,22567.77,0.44,12469.220000000001,230,0,Thursday,May,2024,2,20
231,2024-05-20,14:20,SPX500,Scalping,London,3.0,92.93,Loss,-92.93,22376.28,22567.77,0.85,12376.29,231,0,Monday,May,2024,2,14
232,2024-05-20,04:17,GBP/USD,Range Trading,Sydney,2.5,97.69,Win,244.22,22620.5,22620.5,0.0,12620.51,232,1,Monday,May,2024,2,4
233,2024-05-23,18:02,USD/CAD,Breakout,New York,3.0,82.97,Win,248.9,22869.41,22869.41,0.0,12869.41,233,1,Thursday,May,2024,2,18
234,2024-05-27,01:05,NZD/USD,Trend Following,Sydney,1.0,105.79,Loss,-105.79,22763.62,22869.41,0.46,12763.619999999999,234,0,Monday,May,2024,2,1
235,2024-05-27,19:50,NAS100,News Trading,New York,2.5,98.51,Loss,-98.51,22665.11,22869.41,0.89,12665.109999999999,235,0,Monday,May,2024,2,19
236,2024-05-29,23:30,XAU/USD,Breakout,Sydney,3.0,106.07,Win,318.22,22983.33,22983.33,0.0,12983.329999999998,236,1,Wednesday,May,2024,2,23
237,2024-05-31,16:21,EUR/USD,Reversal,Overlap-EU-US,2.5,84.14,Loss,-84.14,22899.19,22983.33,0.37,12899.189999999999,237,0,Friday,May,2024,2,16
238,2024-06-03,22:28,NAS100,Breakout,Sydney,1.5,81.57,Loss,-81.57,22817.63,22983.33,0.72,12817.619999999999,238,0,Monday,June,2024,2,22
239,2024-06-05,16:24,SPX500,News Trading,Overlap-EU-US,1.5,94.56,Loss,-94.56,22723.07,22983.33,1.13,12723.06,239,0,Wednesday,June,2024,2,16
240,2024-06-07,13:21,USD/CAD,Swing,London,3.0,82.09,Loss,-82.09,22640.98,22983.33,1.49,12640.97,240,0,Friday,June,2024,2,13
241,2024-06-10,02:46,GBP/USD,Trend Following,Sydney,3.0,107.14,Win,321.41,22962.38,22983.33,0.09,12962.38,241,1,Monday,June,2024,2,2
242,2024-06-11,21:58,USD/JPY,News Trading,New York,2.0,83.26,Loss,-83.26,22879.12,22983.33,0.45,12879.119999999999,242,0,Tuesday,June,2024,2,21
243,2024-06-13,11:19,EUR/GBP,Trend Following,Overlap-Asia-EU,1.5,103.8,Loss,-103.8,22775.32,22983.33,0.91,12775.32,243,0,Thursday,June,2024,2,11
244,2024-06-17,17:47,USD/CAD,Range Trading,Overlap-EU-US,1.5,106.8,Loss,-106.8,22668.51,22983.33,1.37,12668.52,244,0,Monday,June,2024,2,17
245,2024-06-18,21:19,GBP/USD,News Trading,New York,2.5,100.34,Win,250.85,22919.36,22983.33,0.28,12919.37,245,1,Tuesday,June,2024,2,21
246,2024-06-20,05:09,USD/CAD,Reversal,Sydney,2.5,87.68,Loss,-87.68,22831.68,22983.33,0.66,12831.69,246,0,Thursday,June,2024,2,5
247,2024-06-24,02:56,GBP/USD,Trend Following,Sydney,3.0,110.83,Loss,-110.83,22720.85,22983.33,1.14,12720.86,247,0,Monday,June,2024,2,2
248,2024-06-24,16:10,USD/CAD,Breakout,Overlap-EU-US,3.0,85.24,Win,255.73,22976.57,22983.33,0.03,12976.59,248,1,Monday,June,2024,2,16
249,2024-06-27,05:23,SPX500,Swing,Sydney,1.5,108.85,Win,163.27,23139.85,23139.85,0.0,13139.86,249,1,Thursday,June,2024,2,5
250,2024-07-01,21:50,AUD/USD,Scalping,New York,2.5,104.42,Loss,-104.42,23035.42,23139.85,0.45,13035.44,250,0,Monday,July,2024,3,21
251,2024-07-01,14:30,NAS100,Reversal,London,1.5,92.38,Loss,-92.38,22943.04,23139.85,0.85,12943.060000000001,251,0,Monday,July,2024,3,14
252,2024-07-03,06:24,SPX500,Trend Following,Tokyo,2.5,98.47,Win,246.17,23189.21,23189.21,0.0,13189.230000000001,252,1,Wednesday,July,2024,3,6
253,2024-07-05,16:08,EUR/GBP,News Trading,Overlap-EU-US,1.5,112.68,Loss,-112.68,23076.54,23189.21,0.49,13076.550000000001,253,0,Friday,July,2024,3,16
254,2024-07-08,08:54,XAU/USD,Breakout,Tokyo,2.0,102.18,Win,204.36,23280.9,23280.9,0.0,13280.910000000002,254,1,Monday,July,2024,3,8
255,2024-07-10,16:28,GBP/USD,Swing,Overlap-EU-US,2.0,83.36,Win,166.71,23447.61,23447.61,0.0,13447.62,255,1,Wednesday,July,2024,3,16
256,2024-07-12,16:28,EUR/GBP,Reversal,Overlap-EU-US,1.0,117.86,Win,117.86,23565.47,23565.47,0.0,13565.480000000001,256,1,Friday,July,2024,3,16
257,2024-07-15,11:24,EUR/GBP,Breakout,Overlap-Asia-EU,1.0,95.86,Win,95.86,23661.32,23661.32,0.0,13661.340000000002,257,1,Monday,July,2024,3,11
258,2024-07-16,02:45,AUD/USD,Trend Following,Sydney,1.0,92.75,Win,92.75,23754.07,23754.07,0.0,13754.090000000002,258,1,Tuesday,July,2024,3,2
259,2024-07-19,20:30,USD/JPY,Trend Following,New York,1.5,81.53,Loss,-81.53,23672.54,23754.07,0.34,13672.560000000001,259,0,Friday,July,2024,3,20
260,2024-07-22,22:05,USD/JPY,Swing,Sydney,2.5,97.94,Win,244.86,23917.4,23917.4,0.0,13917.420000000002,260,1,Monday,July,2024,3,22
261,2024-07-23,00:33,AUD/USD,Trend Following,Sydney,1.5,101.95,Loss,-101.95,23815.45,23917.4,0.43,13815.470000000001,261,0,Tuesday,July,2024,3,0
262,2024-07-25,13:26,NZD/USD,Breakout,London,1.5,92.05,Win,138.07,23953.52,23953.52,0.0,13953.54,262,1,Thursday,July,2024,3,13
263,2024-07-29,20:31,SPX500,Swing,New York,2.5,82.51,Loss,-82.51,23871.0,23953.52,0.34,13871.03,263,0,Monday,July,2024,3,20
264,2024-07-29,19:18,EUR/USD,News Trading,New York,3.0,103.0,Loss,-103.0,23768.0,23953.52,0.77,13768.03,264,0,Monday,July,2024,3,19
265,2024-08-01,13:42,SPX500,Breakout,London,2.0,89.62,Win,179.25,23947.25,23953.52,0.03,13947.28,265,1,Thursday,August,2024,3,13
266,2024-08-05,21:32,NAS100,Breakout,New York,2.0,82.71,Loss,-82.71,23864.54,23953.52,0.37,13864.570000000002,266,0,Monday,August,2024,3,21
267,2024-08-05,16:24,EUR/USD,News Trading,Overlap-EU-US,2.5,114.93,Win,287.33,24151.87,24151.87,0.0,14151.900000000001,267,1,Monday,August,2024,3,16
268,2024-08-07,11:46,EUR/USD,Trend Following,Overlap-Asia-EU,2.0,111.54,Win,223.08,24374.95,24374.95,0.0,14374.980000000001,268,1,Wednesday,August,2024,3,11
269,2024-08-09,21:02,GBP/USD,Scalping,New York,3.0,109.41,Win,328.22,24703.18,24703.18,0.0,14703.2,269,1,Friday,August,2024,3,21
270,2024-08-12,11:44,USD/CAD,News Trading,Overlap-Asia-EU,1.5,113.22,Loss,-113.22,24589.96,24703.18,0.46,14589.980000000001,270,0,Monday,August,2024,3,11
271,2024-08-14,15:29,USD/JPY,Scalping,London,1.5,82.52,Loss,-82.52,24507.44,24703.18,0.79,14507.460000000001,271,0,Wednesday,August,2024,3,15
272,2024-08-16,01:20,AUD/USD,Trend Following,Sydney,1.0,111.64,Loss,-111.64,24395.79,24703.18,1.24,14395.820000000002,272,0,Friday,August,2024,3,1
273,2024-08-19,09:41,EUR/GBP,News Trading,Overlap-Asia-EU,3.0,98.94,Win,296.81,24692.6,24703.18,0.04,14692.630000000001,273,1,Monday,August,2024,3,9
274,2024-08-20,06:07,USD/CAD,Trend Following,Tokyo,1.0,114.63,Win,114.63,24807.23,24807.23,0.0,14807.26,274,1,Tuesday,August,2024,3,6
275,2024-08-23,11:11,EUR/GBP,Range Trading,Overlap-Asia-EU,2.5,115.79,Win,289.46,25096.7,25096.7,0.0,15096.72,275,1,Friday,August,2024,3,11
276,2024-08-26,15:51,XAU/USD,Scalping,London,2.0,116.97,Win,233.94,25330.64,25330.64,0.0,15330.66,276,1,Monday,August,2024,3,15
277,2024-08-27,02:11,EUR/GBP,Scalping,Sydney,1.0,97.22,Loss,-97.22,25233.42,25330.64,0.38,15233.44,277,0,Tuesday,August,2024,3,2
278,2024-08-29,17:19,USD/CAD,Trend Following,Overlap-EU-US,1.0,83.2,Loss,-83.2,25150.21,25330.64,0.71,15150.24,278,0,Thursday,August,2024,3,17
279,2024-09-02,14:02,EUR/GBP,News Trading,London,1.5,107.59,Win,161.39,25311.6,25330.64,0.08,15311.63,279,1,Monday,September,2024,3,14
280,2024-09-03,23:50,USD/CAD,Swing,Sydney,3.0,119.93,Win,359.78,25671.38,25671.38,0.0,15671.41,280,1,Tuesday,September,2024,3,23
281,2024-09-05,01:10,EUR/GBP,Breakout,Sydney,2.0,100.52,Loss,-100.52,25570.85,25671.38,0.39,15570.89,281,0,Thursday,September,2024,3,1
282,2024-09-09,00:49,SPX500,Reversal,Sydney,2.5,81.39,Win,203.48,25774.33,25774.33,0.0,15774.369999999999,282,1,Monday,September,2024,3,0
283,2024-09-09,20:09,USD/CAD,Trend Following,New York,2.5,117.98,Win,294.95,26069.28,26069.28,0.0,16069.32,283,1,Monday,September,2024,3,20
284,2024-09-11,21:08,USD/CAD,Range Trading,New York,2.0,97.76,Win,195.52,26264.8,26264.8,0.0,16264.84,284,1,Wednesday,September,2024,3,21
285,2024-09-13,16:07,EUR/GBP,Trend Following,Overlap-EU-US,2.0,105.98,Win,211.96,26476.76,26476.76,0.0,16476.8,285,1,Friday,September,2024,3,16
286,2024-09-16,00:07,USD/JPY,Scalping,Sydney,2.5,100.71,Loss,-100.71,26376.05,26476.76,0.38,16376.09,286,0,Monday,September,2024,3,0
287,2024-09-18,08:44,NZD/USD,Swing,Tokyo,2.5,88.58,Loss,-88.58,26287.47,26476.76,0.71,16287.51,287,0,Wednesday,September,2024,3,8
288,2024-09-20,15:57,GBP/USD,Reversal,London,1.5,114.11,Win,171.17,26458.64,26476.76,0.07,16458.68,288,1,Friday,September,2024,3,15
289,2024-09-23,22:35,GBP/USD,Range Trading,Sydney,2.0,106.71,Loss,-106.71,26351.92,26476.76,0.47,16351.970000000001,289,0,Monday,September,2024,3,22
290,2024-09-24,17:40,NZD/USD,Trend Following,Overlap-EU-US,1.5,108.47,Loss,-108.47,26243.45,26476.76,0.88,16243.500000000002,290,0,Tuesday,September,2024,3,17
291,2024-09-27,05:50,USD/CAD,Swing,Sydney,3.0,88.97,Loss,-88.97,26154.48,26476.76,1.22,16154.530000000002,291,0,Friday,September,2024,3,5
292,2024-09-30,04:29,XAU/USD,Reversal,Sydney,1.0,94.44,Loss,-94.44,26060.05,26476.76,1.57,16060.090000000002,292,0,Monday,September,2024,3,4
293,2024-10-01,17:45,SPX500,Reversal,Overlap-EU-US,1.0,82.63,Win,82.63,26142.68,26476.76,1.26,16142.720000000001,293,1,Tuesday,October,2024,4,17
294,2024-10-03,23:04,NAS100,Range Trading,Sydney,2.5,110.77,Loss,-110.77,26031.91,26476.76,1.68,16031.95,294,0,Thursday,October,2024,4,23
295,2024-10-07,04:08,GBP/USD,Trend Following,Sydney,2.5,98.63,Win,246.58,26278.49,26476.76,0.75,16278.53,295,1,Monday,October,2024,4,4
296,2024-10-08,17:32,SPX500,Scalping,Overlap-EU-US,1.5,110.71,Win,166.07,26444.56,26476.76,0.12,16444.600000000002,296,1,Tuesday,October,2024,4,17
297,2024-10-10,01:20,GBP/USD,Swing,Sydney,3.0,86.12,Win,258.36,26702.92,26702.92,0.0,16702.960000000003,297,1,Thursday,October,2024,4,1
298,2024-10-14,22:16,USD/CAD,Reversal,Sydney,3.0,115.8,Loss,-115.8,26587.13,26702.92,0.43,16587.160000000003,298,0,Monday,October,2024,4,22
299,2024-10-14,06:34,NAS100,Scalping,Tokyo,2.0,85.01,Win,170.01,26757.14,26757.14,0.0,16757.170000000002,299,1,Monday,October,2024,4,6
300,2024-10-16,02:42,USD/JPY,News Trading,Sydney,3.0,117.66,Win,352.99,27110.13,27110.13,0.0,17110.160000000003,300,1,Wednesday,October,2024,4,2
301,2024-10-21,19:52,SPX500,Scalping,New York,2.0,113.7,Win,227.4,27337.53,27337.53,0.0,17337.560000000005,301,1,Monday,October,2024,4,19
302,2024-10-21,00:36,EUR/USD,Breakout,Sydney,3.0,90.59,Win,271.76,27609.29,27609.29,0.0,17609.320000000003,302,1,Monday,October,2024,4,0
303,2024-10-23,13:41,EUR/USD,News Trading,London,2.5,115.56,Loss,-115.56,27493.73,27609.29,0.42,17493.760000000002,303,0,Wednesday,October,2024,4,13
304,2024-10-25,09:03,AUD/USD,Range Trading,Overlap-Asia-EU,2.5,91.9,Win,229.74,27723.48,27723.48,0.0,17723.500000000004,304,1,Friday,October,2024,4,9
305,2024-10-28,05:09,EUR/GBP,Range Trading,Sydney,2.5,98.58,Win,246.44,27969.92,27969.92,0.0,17969.940000000002,305,1,Monday,October,2024,4,5
306,2024-10-29,10:23,USD/CAD,Swing,Overlap-Asia-EU,2.0,119.01,Win,238.03,28207.95,28207.95,0.0,18207.97,306,1,Tuesday,October,2024,4,10
307,2024-11-01,16:28,GBP/USD,News Trading,Overlap-EU-US,2.0,89.67,Win,179.34,28387.29,28387.29,0.0,18387.31,307,1,Friday,November,2024,4,16
308,2024-11-04,07:39,GBP/USD,Reversal,Tokyo,1.0,91.61,Loss,-91.61,28295.68,28387.29,0.32,18295.7,308,0,Monday,November,2024,4,7
309,2024-11-05,13:12,USD/JPY,Reversal,London,2.0,117.35,Loss,-117.35,28178.33,28387.29,0.74,18178.350000000002,309,0,Tuesday,November,2024,4,13
310,2024-11-07,05:01,NAS100,Range Trading,Sydney,2.5,99.95,Win,249.88,28428.21,28428.21,0.0,18428.230000000003,310,1,Thursday,November,2024,4,5
311,2024-11-11,02:22,NAS100,Range Trading,Sydney,2.5,118.67,Win,296.67,28724.88,28724.88,0.0,18724.9,311,1,Monday,November,2024,4,2
312,2024-11-12,01:43,NZD/USD,Breakout,Sydney,2.5,103.9,Loss,-103.9,28620.97,28724.88,0.36,18621.0,312,0,Tuesday,November,2024,4,1
313,2024-11-14,15:56,NAS100,Trend Following,London,1.0,113.89,Win,113.89,28734.86,28734.86,0.0,18734.89,313,1,Thursday,November,2024,4,15
314,2024-11-18,08:36,USD/CAD,Scalping,Tokyo,2.5,94.64,Win,236.59,28971.46,28971.46,0.0,18971.48,314,1,Monday,November,2024,4,8
315,2024-11-18,17:28,USD/CAD,Reversal,Overlap-EU-US,3.0,91.54,Win,274.63,29246.09,29246.09,0.0,19246.11,315,1,Monday,November,2024,4,17
316,2024-11-20,17:25,SPX500,Trend Following,Overlap-EU-US,3.0,84.75,Loss,-84.75,29161.34,29246.09,0.29,19161.36,316,0,Wednesday,November,2024,4,17
317,2024-11-25,11:12,USD/CAD,Swing,Overlap-Asia-EU,3.0,117.56,Loss,-117.56,29043.78,29246.09,0.69,19043.8,317,0,Monday,November,2024,4,11
318,2024-11-25,19:45,EUR/GBP,News Trading,New York,3.0,81.61,Win,244.83,29288.61,29288.61,0.0,19288.63,318,1,Monday,November,2024,4,19
319,2024-11-27,10:32,XAU/USD,Swing,Overlap-Asia-EU,3.0,98.28,Loss,-98.28,29190.33,29288.61,0.34,19190.350000000002,319,0,Wednesday,November,2024,4,10
320,2024-11-29,04:47,SPX500,Trend Following,Sydney,2.0,86.5,Loss,-86.5,29103.83,29288.61,0.63,19103.850000000002,320,0,Friday,November,2024,4,4
321,2024-12-02,09:45,USD/CAD,News Trading,Overlap-Asia-EU,3.0,113.13,Loss,-113.13,28990.7,29288.61,1.02,18990.72,321,0,Monday,December,2024,4,9
322,2024-12-03,18:26,XAU/USD,Trend Following,New York,1.0,94.73,Loss,-94.73,28895.96,29288.61,1.34,18895.99,322,0,Tuesday,December,2024,4,18
323,2024-12-06,18:50,EUR/USD,Trend Following,New York,3.0,98.98,Loss,-98.98,28796.98,29288.61,1.68,18797.010000000002,323,0,Friday,December,2024,4,18
324,2024-12-09,18:40,AUD/USD,News Trading,New York,1.0,103.34,Win,103.34,28900.32,29288.61,1.33,18900.350000000002,324,1,Monday,December,2024,4,18
325,2024-12-10,23:36,EUR/GBP,News Trading,Sydney,1.5,112.87,Win,169.3,29069.62,29288.61,0.75,19069.65,325,1,Tuesday,December,2024,4,23
326,2024-12-12,22:26,AUD/USD,Breakout,Sydney,1.0,97.64,Win,97.64,29167.26,29288.61,0.41,19167.29,326,1,Thursday,December,2024,4,22
327,2024-12-16,22:55,EUR/GBP,Reversal,Sydney,3.0,111.0,Loss,-111.0,29056.26,29288.61,0.79,19056.29,327,0,Monday,December,2024,4,22
328,2024-12-17,23:42,EUR/USD,Scalping,Sydney,1.5,100.75,Loss,-100.75,28955.51,29288.61,1.14,18955.54,328,0,Tuesday,December,2024,4,23
329,2024-12-19,15:34,EUR/GBP,News Trading,London,2.0,118.27,Loss,-118.27,28837.25,29288.61,1.54,18837.27,329,0,Thursday,December,2024,4,15
330,2024-12-23,10:15,USD/CAD,News Trading,Overlap-Asia-EU,2.0,104.4,Win,208.81,29046.05,29288.61,0.83,19046.08,330,1,Monday,December,2024,4,10
331,2024-12-23,08:49,NZD/USD,News Trading,Tokyo,1.5,117.66,Loss,-117.66,28928.39,29288.61,1.23,18928.420000000002,331,0,Monday,December,2024,4,8
332,2024-12-25,09:59,AUD/USD,Scalping,Overlap-Asia-EU,2.5,92.68,Win,231.7,29160.1,29288.61,0.44,19160.120000000003,332,1,Wednesday,December,2024,4,9
333,2024-12-30,23:57,NZD/USD,Trend Following,Sydney,1.0,102.94,Loss,-102.94,29057.16,29288.61,0.79,19057.180000000004,333,0,Monday,December,2024,4,23
334,2024-12-30,12:45,USD/CAD,Swing,Overlap-Asia-EU,1.5,91.62,Win,137.43,29194.59,29288.61,0.32,19194.610000000004,334,1,Monday,December,2024,4,12
335,2025-01-01,02:52,XAU/USD,Trend Following,Sydney,2.0,109.89,Win,219.79,29414.37,29414.37,0.0,19414.400000000005,335,1,Wednesday,January,2025,1,2
336,2025-01-03,17:37,NAS100,Trend Following,Overlap-EU-US,2.0,85.49,Win,170.98,29585.36,29585.36,0.0,19585.380000000005,336,1,Friday,January,2025,1,17
337,2025-01-06,07:06,EUR/USD,Reversal,Tokyo,3.0,89.03,Win,267.08,29852.44,29852.44,0.0,19852.460000000006,337,1,Monday,January,2025,1,7
338,2025-01-08,13:35,XAU/USD,Trend Following,London,1.0,107.25,Win,107.25,29959.68,29959.68,0.0,19959.710000000006,338,1,Wednesday,January,2025,1,13
339,2025-01-10,05:18,XAU/USD,Range Trading,Sydney,2.5,106.02,Loss,-106.02,29853.66,29959.68,0.35,19853.690000000006,339,0,Friday,January,2025,1,5
340,2025-01-13,10:47,EUR/USD,Trend Following,Overlap-Asia-EU,1.0,106.09,Win,106.09,29959.75,29959.75,0.0,19959.780000000006,340,1,Monday,January,2025,1,10
341,2025-01-14,23:59,EUR/USD,Swing,Sydney,1.5,96.72,Loss,-96.72,29863.04,29959.75,0.32,19863.060000000005,341,0,Tuesday,January,2025,1,23
342,2025-01-16,01:55,EUR/GBP,Swing,Sydney,2.5,87.45,Loss,-87.45,29775.59,29959.75,0.61,19775.610000000004,342,0,Thursday,January,2025,1,1
343,2025-01-20,09:21,EUR/USD,Breakout,Overlap-Asia-EU,2.0,102.72,Win,205.44,29981.02,29981.02,0.0,19981.050000000003,343,1,Monday,January,2025,1,9
344,2025-01-21,09:54,NAS100,Range Trading,Overlap-Asia-EU,3.0,99.76,Loss,-99.76,29881.27,29981.02,0.33,19881.290000000005,344,0,Tuesday,January,2025,1,9
345,2025-01-23,16:46,NZD/USD,Range Trading,Overlap-EU-US,1.5,112.35,Win,168.53,30049.8,30049.8,0.0,20049.820000000003,345,1,Thursday,January,2025,1,16
346,2025-01-27,14:18,NZD/USD,Scalping,London,1.5,80.56,Win,120.85,30170.64,30170.64,0.0,20170.670000000002,346,1,Monday,January,2025,1,14
347,2025-01-27,18:25,AUD/USD,Scalping,New York,1.5,104.44,Loss,-104.44,30066.2,30170.64,0.35,20066.230000000003,347,0,Monday,January,2025,1,18
348,2025-01-29,13:08,USD/CAD,News Trading,London,1.0,96.03,Win,96.03,30162.24,30170.64,0.03,20162.260000000002,348,1,Wednesday,January,2025,1,13
349,2025-02-03,15:48,AUD/USD,Trend Following,London,1.0,90.43,Win,90.43,30252.67,30252.67,0.0,20252.690000000002,349,1,Monday,February,2025,1,15
350,2025-02-03,08:41,NZD/USD,Trend Following,Tokyo,3.0,108.92,Win,326.75,30579.41,30579.41,0.0,20579.440000000002,350,1,Monday,February,2025,1,8
351,2025-02-05,11:10,AUD/USD,Scalping,Overlap-Asia-EU,1.0,106.71,Win,106.71,30686.12,30686.12,0.0,20686.15,351,1,Wednesday,February,2025,1,11
352,2025-02-07,12:18,NAS100,Scalping,Overlap-Asia-EU,2.0,107.61,Loss,-107.61,30578.51,30686.12,0.35,20578.54,352,0,Friday,February,2025,1,12
353,2025-02-10,11:29,AUD/USD,News Trading,Overlap-Asia-EU,1.5,118.29,Loss,-118.29,30460.22,30686.12,0.74,20460.25,353,0,Monday,February,2025,1,11
354,2025-02-12,23:48,USD/CAD,News Trading,Sydney,2.5,108.08,Loss,-108.08,30352.14,30686.12,1.09,20352.17,354,0,Wednesday,February,2025,1,23
355,2025-02-14,17:50,AUD/USD,Swing,Overlap-EU-US,1.5,107.21,Loss,-107.21,30244.93,30686.12,1.44,20244.96,355,0,Friday,February,2025,1,17
356,2025-02-17,02:36,XAU/USD,News Trading,Sydney,3.0,108.15,Win,324.45,30569.38,30686.12,0.38,20569.41,356,1,Monday,February,2025,1,2
357,2025-02-18,03:10,NAS100,Breakout,Sydney,3.0,88.09,Loss,-88.09,30481.29,30686.12,0.67,20481.32,357,0,Tuesday,February,2025,1,3
358,2025-02-20,10:37,NAS100,Swing,Overlap-Asia-EU,2.5,84.65,Win,211.62,30692.92,30692.92,0.0,20692.94,358,1,Thursday,February,2025,1,10
359,2025-02-24,15:32,NAS100,Breakout,London,2.5,112.35,Win,280.87,30973.79,30973.79,0.0,20973.809999999998,359,1,Monday,February,2025,1,15
360,2025-02-25,13:19,SPX500,Range Trading,London,1.0,102.35,Loss,-102.35,30871.43,30973.79,0.33,20871.46,360,0,Tuesday,February,2025,1,13
361,2025-02-27,23:37,EUR/GBP,Breakout,Sydney,2.0,112.66,Loss,-112.66,30758.78,30973.79,0.69,20758.8,361,0,Thursday,February,2025,1,23
362,2025-03-03,02:03,EUR/GBP,Breakout,Sydney,2.0,108.02,Loss,-108.02,30650.76,30973.79,1.04,20650.78,362,0,Monday,March,2025,1,2
363,2025-03-03,02:49,EUR/USD,Range Trading,Sydney,2.0,96.35,Loss,-96.35,30554.41,30973.79,1.35,20554.43,363,0,Monday,March,2025,1,2
364,2025-03-05,20:55,EUR/GBP,Scalping,New York,2.0,119.71,Win,239.43,30793.83,30973.79,0.58,20793.86,364,1,Wednesday,March,2025,1,20
365,2025-03-10,12:07,GBP/USD,Range Trading,Overlap-Asia-EU,3.0,85.32,Loss,-85.32,30708.51,30973.79,0.86,20708.54,365,0,Monday,March,2025,1,12
366,2025-03-10,05:53,EUR/GBP,News Trading,Sydney,3.0,85.09,Loss,-85.09,30623.42,30973.79,1.13,20623.45,366,0,Monday,March,2025,1,5
367,2025-03-12,00:27,EUR/USD,Swing,Sydney,2.0,98.52,Loss,-98.52,30524.9,30973.79,1.45,20524.93,367,0,Wednesday,March,2025,1,0
368,2025-03-14,17:12,AUD/USD,Range Trading,Overlap-EU-US,1.5,98.43,Win,147.64,30672.54,30973.79,0.97,20672.57,368,1,Friday,March,2025,1,17
369,2025-03-17,23:49,GBP/USD,Swing,Sydney,1.0,112.38,Win,112.38,30784.92,30973.79,0.61,20784.95,369,1,Monday,March,2025,1,23
370,2025-03-19,00:38,AUD/USD,Reversal,Sydney,1.0,84.04,Win,84.04,30868.95,30973.79,0.34,20868.99,370,1,Wednesday,March,2025,1,0
371,2025-03-21,21:14,EUR/USD,Scalping,New York,1.5,109.62,Win,164.43,31033.39,31033.39,0.0,21033.420000000002,371,1,Friday,March,2025,1,21
372,2025-03-24,17:52,EUR/USD,Reversal,Overlap-EU-US,1.5,100.16,Win,150.23,31183.62,31183.62,0.0,21183.65,372,1,Monday,March,2025,1,17
373,2025-03-25,23:20,USD/CAD,News Trading,Sydney,3.0,103.92,Loss,-103.92,31079.7,31183.62,0.33,21079.730000000003,373,0,Tuesday,March,2025,1,23
374,2025-03-27,07:03,USD/JPY,Trend Following,Tokyo,3.0,88.84,Win,266.53,31346.23,31346.23,0.0,21346.260000000002,374,1,Thursday,March,2025,1,7
375,2025-03-31,17:22,USD/JPY,News Trading,Overlap-EU-US,2.5,102.23,Win,255.59,31601.81,31601.81,0.0,21601.850000000002,375,1,Monday,March,2025,1,17
376,2025-04-01,20:09,EUR/GBP,Scalping,New York,3.0,92.75,Win,278.25,31880.06,31880.06,0.0,21880.100000000002,376,1,Tuesday,April,2025,2,20
377,2025-04-03,09:19,USD/JPY,Range Trading,Overlap-Asia-EU,3.0,98.94,Loss,-98.94,31781.12,31880.06,0.31,21781.160000000003,377,0,Thursday,April,2025,2,9
378,2025-04-07,22:35,XAU/USD,Reversal,Sydney,1.0,102.5,Loss,-102.5,31678.62,31880.06,0.63,21678.660000000003,378,0,Monday,April,2025,2,22
379,2025-04-07,16:05,EUR/GBP,Reversal,Overlap-EU-US,1.5,90.2,Win,135.3,31813.92,31880.06,0.21,21813.960000000003,379,1,Monday,April,2025,2,16
380,2025-04-10,14:03,USD/CAD,Swing,London,1.0,101.43,Loss,-101.43,31712.5,31880.06,0.53,21712.530000000002,380,0,Thursday,April,2025,2,14
381,2025-04-14,08:51,SPX500,Range Trading,Tokyo,3.0,81.58,Win,244.75,31957.24,31957.24,0.0,21957.280000000002,381,1,Monday,April,2025,2,8
382,2025-04-14,18:21,NAS100,Scalping,New York,1.5,99.18,Loss,-99.18,31858.07,31957.24,0.31,21858.100000000002,382,0,Monday,April,2025,2,18
383,2025-04-16,09:48,AUD/USD,Breakout,Overlap-Asia-EU,1.5,118.48,Win,177.72,32035.79,32035.79,0.0,22035.820000000003,383,1,Wednesday,April,2025,2,9
384,2025-04-18,15:20,SPX500,Reversal,London,1.5,95.87,Win,143.8,32179.59,32179.59,0.0,22179.620000000003,384,1,Friday,April,2025,2,15
385,2025-04-21,09:23,XAU/USD,Range Trading,Overlap-Asia-EU,3.0,105.95,Win,317.85,32497.44,32497.44,0.0,22497.47,385,1,Monday,April,2025,2,9
386,2025-04-23,16:48,XAU/USD,Range Trading,Overlap-EU-US,1.0,112.11,Loss,-112.11,32385.33,32497.44,0.34,22385.36,386,0,Wednesday,April,2025,2,16
387,2025-04-25,10:14,USD/CAD,Reversal,Overlap-Asia-EU,2.0,96.56,Loss,-96.56,32288.77,32497.44,0.64,22288.8,387,0,Friday,April,2025,2,10
388,2025-04-28,23:46,EUR/USD,Reversal,Sydney,2.0,102.13,Loss,-102.13,32186.64,32497.44,0.96,22186.67,388,0,Monday,April,2025,2,23
389,2025-04-29,13:53,USD/JPY,Trend Following,London,1.5,93.19,Win,139.79,32326.43,32497.44,0.53,22326.46,389,1,Tuesday,April,2025,2,13
390,2025-05-01,07:46,NAS100,Range Trading,Tokyo,2.0,90.29,Loss,-90.29,32236.13,32497.44,0.8,22236.17,390,0,Thursday,May,2025,2,7
391,2025-05-05,20:10,XAU/USD,Scalping,New York,2.5,86.73,Loss,-86.73,32149.41,32497.44,1.07,22149.44,391,0,Monday,May,2025,2,20
392,2025-05-06,04:41,NAS100,Scalping,Sydney,2.5,87.36,Loss,-87.36,32062.04,32497.44,1.34,22062.079999999998,392,0,Tuesday,May,2025,2,4
393,2025-05-08,01:48,EUR/USD,News Trading,Sydney,1.0,117.81,Loss,-117.81,31944.24,32497.44,1.7,21944.269999999997,393,0,Thursday,May,2025,2,1
394,2025-05-12,00:13,USD/JPY,Range Trading,Sydney,1.5,82.72,Win,124.08,32068.31,32497.44,1.32,22068.35,394,1,Monday,May,2025,2,0
395,2025-05-12,16:39,USD/CAD,Range Trading,Overlap-EU-US,1.0,104.71,Loss,-104.71,31963.6,32497.44,1.64,21963.64,395,0,Monday,May,2025,2,16
396,2025-05-15,15:00,XAU/USD,Scalping,London,1.0,80.26,Win,80.26,32043.86,32497.44,1.4,22043.899999999998,396,1,Thursday,May,2025,2,15
397,2025-05-19,00:52,NZD/USD,News Trading,Sydney,3.0,119.1,Win,357.3,32401.16,32497.44,0.3,22401.199999999997,397,1,Monday,May,2025,2,0
398,2025-05-19,22:09,EUR/GBP,Scalping,Sydney,1.5,84.28,Win,126.42,32527.58,32527.58,0.0,22527.619999999995,398,1,Monday,May,2025,2,22
399,2025-05-21,07:50,SPX500,Reversal,Tokyo,3.0,90.1,Win,270.29,32797.87,32797.87,0.0,22797.909999999996,399,1,Wednesday,May,2025,2,7
400,2025-05-23,12:44,USD/CAD,Breakout,Overlap-Asia-EU,2.5,98.36,Win,245.9,33043.77,33043.77,0.0,23043.809999999998,400,1,Friday,May,2025,2,12
401,2025-05-26,07:35,GBP/USD,Trend Following,Tokyo,1.0,83.74,Win,83.74,33127.51,33127.51,0.0,23127.55,401,1,Monday,May,2025,2,7
402,2025-05-28,15:41,EUR/USD,Breakout,London,1.5,83.31,Loss,-83.31,33044.21,33127.51,0.25,23044.239999999998,402,0,Wednesday,May,2025,2,15
403,2025-05-30,10:57,GBP/USD,News Trading,Overlap-Asia-EU,3.0,116.77,Win,350.3,33394.5,33394.5,0.0,23394.539999999997,403,1,Friday,May,2025,2,10
404,2025-06-02,22:59,XAU/USD,News Trading,Sydney,2.0,81.86,Win,163.72,33558.23,33558.23,0.0,23558.26,404,1,Monday,June,2025,2,22
405,2025-06-03,08:01,SPX500,News Trading,Tokyo,1.0,87.17,Loss,-87.17,33471.05,33558.23,0.26,23471.09,405,0,Tuesday,June,2025,2,8
406,2025-06-05,06:36,USD/JPY,News Trading,Tokyo,2.5,117.15,Win,292.89,33763.94,33763.94,0.0,23763.98,406,1,Thursday,June,2025,2,6
407,2025-06-09,07:08,EUR/GBP,News Trading,Tokyo,3.0,93.27,Loss,-93.27,33670.67,33763.94,0.28,23670.71,407,0,Monday,June,2025,2,7
408,2025-06-10,22:06,GBP/USD,Scalping,Sydney,3.0,109.82,Win,329.45,34000.13,34000.13,0.0,24000.16,408,1,Tuesday,June,2025,2,22
409,2025-06-12,13:38,GBP/USD,Reversal,London,2.0,104.21,Loss,-104.21,33895.92,34000.13,0.31,23895.95,409,0,Thursday,June,2025,2,13
410,2025-06-16,12:28,USD/CAD,Swing,Overlap-Asia-EU,1.0,105.36,Loss,-105.36,33790.56,34000.13,0.62,23790.59,410,0,Monday,June,2025,2,12
411,2025-06-16,15:43,USD/CAD,Reversal,London,3.0,117.65,Win,352.94,34143.49,34143.49,0.0,24143.53,411,1,Monday,June,2025,2,15
412,2025-06-19,18:15,EUR/GBP,Scalping,New York,1.0,110.89,Win,110.89,34254.38,34254.38,0.0,24254.42,412,1,Thursday,June,2025,2,18
413,2025-06-23,22:40,GBP/USD,Breakout,Sydney,2.0,86.17,Loss,-86.17,34168.21,34254.38,0.25,24168.25,413,0,Monday,June,2025,2,22
414,2025-06-23,04:19,EUR/GBP,Scalping,Sydney,2.0,94.43,Win,188.86,34357.07,34357.07,0.0,24357.11,414,1,Monday,June,2025,2,4
415,2025-06-25,14:28,NZD/USD,Trend Following,London,1.0,85.3,Win,85.3,34442.37,34442.37,0.0,24442.41,415,1,Wednesday,June,2025,2,14
416,2025-06-27,17:35,NAS100,News Trading,Overlap-EU-US,2.5,84.13,Win,210.33,34652.7,34652.7,0.0,24652.74,416,1,Friday,June,2025,2,17
417,2025-06-30,02:26,SPX500,News Trading,Sydney,2.0,114.55,Win,229.1,34881.79,34881.79,0.0,24881.84,417,1,Monday,June,2025,2,2
418,2025-07-02,12:36,GBP/USD,Swing,Overlap-Asia-EU,3.0,116.21,Loss,-116.21,34765.59,34881.79,0.33,24765.63,418,0,Wednesday,July,2025,3,12
419,2025-07-04,16:31,EUR/GBP,Reversal,Overlap-EU-US,1.5,85.55,Win,128.33,34893.92,34893.92,0.0,24893.960000000003,419,1,Friday,July,2025,3,16
420,2025-07-07,04:50,USD/JPY,Breakout,Sydney,2.5,91.04,Win,227.6,35121.51,35121.51,0.0,25121.56,420,1,Monday,July,2025,3,4
421,2025-07-08,02:39,NZD/USD,Trend Following,Sydney,1.5,108.84,Loss,-108.84,35012.68,35121.51,0.31,25012.72,421,0,Tuesday,July,2025,3,2
422,2025-07-10,06:21,GBP/USD,Range Trading,Tokyo,1.5,92.19,Loss,-92.19,34920.49,35121.51,0.57,24920.530000000002,422,0,Thursday,July,2025,3,6
423,2025-07-14,19:55,USD/CAD,Range Trading,New York,2.5,93.39,Loss,-93.39,34827.1,35121.51,0.84,24827.140000000003,423,0,Monday,July,2025,3,19
424,2025-07-15,20:12,USD/JPY,News Trading,New York,2.0,92.83,Loss,-92.83,34734.27,35121.51,1.1,24734.31,424,0,Tuesday,July,2025,3,20
425,2025-07-17,15:44,USD/JPY,Trend Following,London,2.5,118.75,Win,296.87,35031.15,35121.51,0.26,25031.18,425,1,Thursday,July,2025,3,15
426,2025-07-21,20:50,SPX500,Range Trading,New York,1.5,93.04,Win,139.55,35170.7,35170.7,0.0,25170.73,426,1,Monday,July,2025,3,20
427,2025-07-21,12:11,GBP/USD,Trend Following,Overlap-Asia-EU,3.0,87.99,Loss,-87.99,35082.71,35170.7,0.25,25082.739999999998,427,0,Monday,July,2025,3,12
428,2025-07-24,21:45,NAS100,Swing,New York,1.0,118.12,Win,118.12,35200.83,35200.83,0.0,25200.859999999997,428,1,Thursday,July,2025,3,21
429,2025-07-28,06:26,NZD/USD,Range Trading,Tokyo,1.0,112.76,Loss,-112.76,35088.07,35200.83,0.32,25088.1,429,0,Monday,July,2025,3,6
430,2025-07-28,21:45,USD/JPY,Range Trading,New York,2.0,89.68,Loss,-89.68,34998.39,35200.83,0.58,24998.42,430,0,Monday,July,2025,3,21
431,2025-07-30,13:37,EUR/GBP,Swing,London,1.0,97.96,Loss,-97.96,34900.43,35200.83,0.85,24900.46,431,0,Wednesday,July,2025,3,13
432,2025-08-01,12:23,NAS100,News Trading,Overlap-Asia-EU,2.5,101.75,Loss,-101.75,34798.68,35200.83,1.14,24798.71,432,0,Friday,August,2025,3,12
433,2025-08-04,22:49,NAS100,Swing,Sydney,3.0,105.53,Win,316.58,35115.26,35200.83,0.24,25115.29,433,1,Monday,August,2025,3,22
434,2025-08-06,07:41,USD/CAD,Scalping,Tokyo,1.5,105.88,Win,158.82,35274.08,35274.08,0.0,25274.11,434,1,Wednesday,August,2025,3,7
435,2025-08-08,21:00,EUR/GBP,Scalping,New York,2.0,118.63,Win,237.26,35511.34,35511.34,0.0,25511.37,435,1,Friday,August,2025,3,21
436,2025-08-11,03:44,AUD/USD,Trend Following,Sydney,3.0,109.87,Loss,-109.87,35401.47,35511.34,0.31,25401.5,436,0,Monday,August,2025,3,3
437,2025-08-12,18:37,XAU/USD,Reversal,New York,2.0,95.65,Loss,-95.65,35305.82,35511.34,0.58,25305.85,437,0,Tuesday,August,2025,3,18
438,2025-08-15,22:18,USD/JPY,News Trading,Sydney,2.0,119.91,Loss,-119.91,35185.91,35511.34,0.92,25185.94,438,0,Friday,August,2025,3,22
439,2025-08-18,13:50,GBP/USD,Breakout,London,1.5,93.93,Win,140.9,35326.81,35511.34,0.52,25326.84,439,1,Monday,August,2025,3,13
440,2025-08-19,06:44,XAU/USD,News Trading,Tokyo,2.0,99.05,Loss,-99.05,35227.76,35511.34,0.8,25227.79,440,0,Tuesday,August,2025,3,6
441,2025-08-21,14:01,GBP/USD,Trend Following,London,2.0,81.79,Loss,-81.79,35145.98,35511.34,1.03,25146.0,441,0,Thursday,August,2025,3,14
442,2025-08-25,10:33,GBP/USD,Scalping,Overlap-Asia-EU,1.5,117.2,Loss,-117.2,35028.78,35511.34,1.36,25028.8,442,0,Monday,August,2025,3,10
443,2025-08-25,05:14,USD/JPY,News Trading,Sydney,2.0,102.39,Loss,-102.39,34926.39,35511.34,1.65,24926.41,443,0,Monday,August,2025,3,5
444,2025-08-28,12:01,USD/JPY,Scalping,Overlap-Asia-EU,1.5,105.62,Win,158.43,35084.82,35511.34,1.2,25084.84,444,1,Thursday,August,2025,3,12
445,2025-09-01,23:45,AUD/USD,News Trading,Sydney,2.5,103.69,Loss,-103.69,34981.13,35511.34,1.49,24981.15,445,0,Monday,September,2025,3,23
446,2025-09-01,06:34,NZD/USD,Reversal,Tokyo,1.0,103.09,Loss,-103.09,34878.03,35511.34,1.78,24878.06,446,0,Monday,September,2025,3,6
447,2025-09-03,05:55,USD/CAD,Trend Following,Sydney,1.5,98.3,Win,147.45,35025.49,35511.34,1.37,25025.510000000002,447,1,Wednesday,September,2025,3,5
448,2025-09-05,15:07,USD/CAD,News Trading,London,3.0,95.55,Win,286.64,35312.12,35511.34,0.56,25312.15,448,1,Friday,September,2025,3,15
449,2025-09-08,11:51,XAU/USD,Trend Following,Overlap-Asia-EU,3.0,86.9,Loss,-86.9,35225.22,35511.34,0.81,25225.25,449,0,Monday,September,2025,3,11
450,2025-09-10,09:15,SPX500,News Trading,Overlap-Asia-EU,1.0,106.88,Win,106.88,35332.11,35511.34,0.5,25332.13,450,1,Wednesday,September,2025,3,9
451,2025-09-12,09:26,USD/JPY,Breakout,Overlap-Asia-EU,2.0,107.74,Loss,-107.74,35224.37,35511.34,0.81,25224.39,451,0,Friday,September,2025,3,9
452,2025-09-15,19:34,SPX500,Reversal,New York,2.5,96.92,Loss,-96.92,35127.45,35511.34,1.08,25127.47,452,0,Monday,September,2025,3,19
453,2025-09-16,22:11,USD/JPY,Scalping,Sydney,3.0,86.67,Win,260.02,35387.47,35511.34,0.35,25387.49,453,1,Tuesday,September,2025,3,22
454,2025-09-19,10:00,XAU/USD,Swing,Overlap-Asia-EU,3.0,82.14,Win,246.43,35633.9,35633.9,0.0,25633.920000000002,454,1,Friday,September,2025,3,10
455,2025-09-22,15:31,AUD/USD,Reversal,London,2.5,118.55,Loss,-118.55,35515.35,35633.9,0.33,25515.370000000003,455,0,Monday,September,2025,3,15
456,2025-09-23,13:10,XAU/USD,Scalping,London,2.5,108.41,Win,271.01,35786.37,35786.37,0.0,25786.38,456,1,Tuesday,September,2025,3,13
457,2025-09-25,02:34,EUR/USD,News Trading,Sydney,1.5,91.68,Win,137.53,35923.89,35923.89,0.0,25923.91,457,1,Thursday,September,2025,3,2
458,2025-09-29,09:35,XAU/USD,Reversal,Overlap-Asia-EU,3.0,109.7,Loss,-109.7,35814.19,35923.89,0.31,25814.21,458,0,Monday,September,2025,3,9
459,2025-09-30,16:23,SPX500,Breakout,Overlap-EU-US,1.0,90.72,Loss,-90.72,35723.47,35923.89,0.56,25723.489999999998,459,0,Tuesday,September,2025,3,16
460,2025-10-02,17:06,EUR/USD,Swing,Overlap-EU-US,2.5,101.85,Loss,-101.85,35621.62,35923.89,0.84,25621.64,460,0,Thursday,October,2025,4,17
461,2025-10-06,23:16,AUD/USD,Swing,Sydney,2.0,114.99,Win,229.98,35851.61,35923.89,0.2,25851.62,461,1,Monday,October,2025,4,23
462,2025-10-06,11:51,GBP/USD,Swing,Overlap-Asia-EU,2.5,114.61,Win,286.53,36138.13,36138.13,0.0,26138.149999999998,462,1,Monday,October,2025,4,11
463,2025-10-08,07:27,SPX500,Reversal,Tokyo,2.0,114.44,Loss,-114.44,36023.69,36138.13,0.32,26023.71,463,0,Wednesday,October,2025,4,7
464,2025-10-10,05:36,USD/JPY,News Trading,Sydney,1.5,112.54,Loss,-112.54,35911.15,36138.13,0.63,25911.17,464,0,Friday,October,2025,4,5
465,2025-10-13,11:45,NZD/USD,News Trading,Overlap-Asia-EU,3.0,101.55,Win,304.65,36215.8,36215.8,0.0,26215.82,465,1,Monday,October,2025,4,11
466,2025-10-15,09:57,SPX500,Trend Following,Overlap-Asia-EU,2.0,118.1,Win,236.19,36452.0,36452.0,0.0,26452.01,466,1,Wednesday,October,2025,4,9
467,2025-10-17,21:58,GBP/USD,Swing,New York,1.5,118.51,Loss,-118.51,36333.48,36452.0,0.33,26333.5,467,0,Friday,October,2025,4,21
468,2025-10-20,01:53,USD/JPY,Trend Following,Sydney,1.5,89.99,Loss,-89.99,36243.5,36452.0,0.57,26243.51,468,0,Monday,October,2025,4,1
469,2025-10-21,07:40,EUR/GBP,Swing,Tokyo,2.5,85.69,Loss,-85.69,36157.81,36452.0,0.81,26157.82,469,0,Tuesday,October,2025,4,7
470,2025-10-24,13:05,XAU/USD,Range Trading,London,1.0,105.35,Loss,-105.35,36052.47,36452.0,1.1,26052.47,470,0,Friday,October,2025,4,13
471,2025-10-27,12:37,NZD/USD,News Trading,Overlap-Asia-EU,2.0,98.19,Loss,-98.19,35954.28,36452.0,1.37,25954.280000000002,471,0,Monday,October,2025,4,12
472,2025-10-28,00:54,GBP/USD,Swing,Sydney,2.5,105.39,Loss,-105.39,35848.88,36452.0,1.65,25848.890000000003,472,0,Tuesday,October,2025,4,0
473,2025-10-30,02:13,NAS100,Swing,Sydney,2.5,88.71,Win,221.78,36070.67,36452.0,1.05,26070.670000000002,473,1,Thursday,October,2025,4,2
474,2025-11-03,15:36,USD/CAD,Trend Following,London,2.0,93.51,Win,187.02,36257.69,36452.0,0.53,26257.690000000002,474,1,Monday,November,2025,4,15
475,2025-11-04,15:53,USD/CAD,Swing,London,1.0,81.84,Loss,-81.84,36175.85,36452.0,0.76,26175.850000000002,475,0,Tuesday,November,2025,4,15
476,2025-11-06,14:27,GBP/USD,Breakout,London,1.5,97.65,Win,146.48,36322.33,36452.0,0.36,26322.33,476,1,Thursday,November,2025,4,14
477,2025-11-10,06:17,USD/JPY,Scalping,Tokyo,2.0,86.36,Loss,-86.36,36235.97,36452.0,0.59,26235.97,477,0,Monday,November,2025,4,6
478,2025-11-10,02:41,USD/CAD,Scalping,Sydney,2.0,83.3,Loss,-83.3,36152.67,36452.0,0.82,26152.670000000002,478,0,Monday,November,2025,4,2
479,2025-11-12,05:27,EUR/GBP,Breakout,Sydney,2.0,109.04,Loss,-109.04,36043.63,36452.0,1.12,26043.63,479,0,Wednesday,November,2025,4,5
480,2025-11-17,20:37,GBP/USD,Breakout,New York,1.0,88.54,Win,88.54,36132.17,36452.0,0.88,26132.170000000002,480,1,Monday,November,2025,4,20
481,2025-11-17,07:07,XAU/USD,News Trading,Tokyo,1.0,80.32,Win,80.32,36212.49,36452.0,0.66,26212.49,481,1,Monday,November,2025,4,7
482,2025-11-19,13:46,USD/JPY,Scalping,London,2.5,82.83,Win,207.08,36419.57,36452.0,0.09,26419.570000000003,482,1,Wednesday,November,2025,4,13
483,2025-11-21,03:49,USD/CAD,Breakout,Sydney,2.0,115.24,Win,230.48,36650.05,36650.05,0.0,26650.050000000003,483,1,Friday,November,2025,4,3
484,2025-11-24,04:41,USD/JPY,Scalping,Sydney,1.0,101.22,Win,101.22,36751.27,36751.27,0.0,26751.270000000004,484,1,Monday,November,2025,4,4
485,2025-11-25,05:26,USD/CAD,Range Trading,Sydney,1.5,105.12,Win,157.68,36908.96,36908.96,0.0,26908.950000000004,485,1,Tuesday,November,2025,4,5
486,2025-11-28,19:48,XAU/USD,Scalping,New York,1.5,83.47,Win,125.2,37034.16,37034.16,0.0,27034.150000000005,486,1,Friday,November,2025,4,19
487,2025-12-01,03:08,EUR/GBP,News Trading,Sydney,2.0,118.53,Win,237.06,37271.22,37271.22,0.0,27271.210000000006,487,1,Monday,December,2025,4,3
488,2025-12-02,07:38,GBP/USD,Trend Following,Tokyo,1.5,102.14,Loss,-102.14,37169.08,37271.22,0.27,27169.070000000007,488,0,Tuesday,December,2025,4,7
489,2025-12-04,09:12,EUR/USD,Swing,Overlap-Asia-EU,2.0,88.22,Loss,-88.22,37080.87,37271.22,0.51,27080.850000000006,489,0,Thursday,December,2025,4,9
490,2025-12-08,23:15,NZD/USD,Range Trading,Sydney,1.0,111.35,Loss,-111.35,36969.51,37271.22,0.81,26969.500000000007,490,0,Monday,December,2025,4,23
491,2025-12-09,15:33,GBP/USD,Range Trading,London,1.5,99.98,Loss,-99.98,36869.53,37271.22,1.08,26869.520000000008,491,0,Tuesday,December,2025,4,15
492,2025-12-11,00:26,USD/CAD,Trend Following,Sydney,1.5,95.47,Loss,-95.47,36774.06,37271.22,1.33,26774.050000000007,492,0,Thursday,December,2025,4,0
493,2025-12-15,11:01,USD/JPY,News Trading,Overlap-Asia-EU,2.5,118.18,Loss,-118.18,36655.88,37271.22,1.65,26655.870000000006,493,0,Monday,December,2025,4,11
494,2025-12-15,18:50,EUR/USD,Breakout,New York,2.0,88.63,Loss,-88.63,36567.25,37271.22,1.89,26567.240000000005,494,0,Monday,December,2025,4,18
495,2025-12-17,12:25,NZD/USD,News Trading,Overlap-Asia-EU,3.0,110.68,Loss,-110.68,36456.56,37271.22,2.19,26456.560000000005,495,0,Wednesday,December,2025,4,12
496,2025-12-22,02:19,NAS100,Scalping,Sydney,3.0,104.64,Win,313.93,36770.49,37271.22,1.34,26770.490000000005,496,1,Monday,December,2025,4,2
497,2025-12-22,02:40,AUD/USD,News Trading,Sydney,1.5,101.46,Win,152.18,36922.67,37271.22,0.94,26922.670000000006,497,1,Monday,December,2025,4,2
498,2025-12-24,20:54,GBP/USD,Scalping,New York,2.0,107.95,Loss,-107.95,36814.73,37271.22,1.22,26814.720000000005,498,0,Wednesday,December,2025,4,20
499,2025-12-26,07:39,AUD/USD,Breakout,Tokyo,1.0,116.99,Win,116.99,36931.71,37271.22,0.91,26931.710000000006,499,1,Friday,December,2025,4,7
500,2025-12-29,19:44,NZD/USD,Breakout,New York,1.5,84.78,Loss,-84.78,36846.93,37271.22,1.14,26846.930000000008,500,0,Monday,December,2025,4,19
